Date,Branch,Core Retail Sales,Service Channel Sales,Priority Sales,Customer Count
2025-01-01,B001,5491.71,1916.71,2173.36,106
2025-01-01,B002,4163.86,1078.02,1981.93,78
2025-01-01,B003,3610.27,626.95,1402.31,57
2025-01-01,B004,4402.8,1759.65,1956.98,82
2025-01-01,B005,3630.85,810.94,1689.17,67
2025-01-01,B006,2962.97,542.49,1197.73,51
2025-01-01,B008,2830.83,446.88,1053.23,49
2025-01-02,B001,5740.67,2284.28,2668.99,103
2025-01-02,B002,4119.34,1129.16,1685.67,70
2025-01-02,B003,3997.74,778.73,1887.02,63
2025-01-02,B004,5324.4,2052.15,2074.53,104
2025-01-02,B005,3713.42,773.04,1385.59,64
2025-01-02,B006,3014.01,518.4,1230.09,51
2025-01-02,B008,2534.28,446.46,1125.84,39
2025-01-03,B001,4214.12,1723.48,1606.6,82
2025-01-03,B002,3854.88,990.86,1666.87,63
2025-01-03,B003,3378.38,677.62,1316.81,61
2025-01-03,B004,4111.14,1669.85,1592.77,71
2025-01-03,B005,3681.92,779.19,1639.22,62
2025-01-03,B006,2684.45,470.06,1058.84,45
2025-01-03,B008,2319.63,361.05,1011.35,33
2025-01-04,B001,5397.34,1970.29,2642.97,99
2025-01-04,B002,3904.88,889.37,1461.42,63
2025-01-04,B003,4001.8,750.97,1473.7,66
2025-01-04,B004,5453.16,2352.65,2651.54,98
2025-01-04,B005,3603.33,825.31,1616.53,59
2025-01-04,B006,2781.52,503.93,1041.69,45
2025-01-04,B008,2637.79,466.1,1249.94,44
2025-01-05,B001,5315.55,1922.43,2544.24,91
2025-01-05,B002,3837.11,986.08,1685.13,70
2025-01-05,B003,3816.66,732.44,1760.33,61
2025-01-05,B004,4358.57,1793.78,1580.12,76
2025-01-05,B005,4118.76,963.32,1647.41,76
2025-01-05,B006,2994.35,573.44,1111.31,48
2025-01-05,B008,2353.79,401.88,1081.7,40
2025-01-06,B001,5174.2,2034.53,2041.0,90
2025-01-06,B002,4008.56,945.03,1724.12,64
2025-01-06,B003,3436.73,631.27,1681.83,53
2025-01-06,B004,4724.45,2032.91,1775.12,97
2025-01-06,B005,3740.63,835.31,1458.53,66
2025-01-06,B006,2570.64,464.88,1001.94,38
2025-01-06,B008,2813.78,421.89,1100.02,42
2025-01-07,B001,5035.6,1801.86,2425.23,91
2025-01-07,B002,3961.21,1047.32,1841.86,73
2025-01-07,B003,3351.8,630.07,1391.22,54
2025-01-07,B004,4954.38,2208.46,2417.45,106
2025-01-07,B005,3827.68,814.02,1806.73,66
2025-01-07,B006,2654.03,463.83,1101.01,44
2025-01-07,B008,2441.36,429.08,1019.53,36
2025-01-08,B001,5426.93,1905.44,2658.69,92
2025-01-08,B002,4336.0,1178.04,2039.35,80
2025-01-08,B003,3662.97,660.0,1509.64,65
2025-01-08,B004,4527.2,2162.86,1785.87,85
2025-01-08,B005,3861.19,834.88,1870.56,57
2025-01-08,B006,2842.01,522.28,1080.32,48
2025-01-08,B008,2839.23,469.02,1222.25,42
2025-01-09,B001,4933.38,1954.62,2098.52,86
2025-01-09,B002,3838.78,1049.8,1421.94,71
2025-01-09,B003,3842.69,756.5,1500.86,68
2025-01-09,B004,5479.96,2214.65,2396.32,101
2025-01-09,B005,3968.22,885.34,1698.25,60
2025-01-09,B006,2753.16,505.74,1076.56,45
2025-01-09,B008,2815.62,441.39,1129.35,42
2025-01-10,B001,4225.73,1628.15,2069.76,71
2025-01-10,B002,3289.99,775.85,1297.82,50
2025-01-10,B003,3415.89,698.2,1393.82,60
2025-01-10,B004,4451.32,1997.72,1956.43,79
2025-01-10,B005,3592.95,714.24,1675.12,61
2025-01-10,B006,2543.34,486.37,960.01,45
2025-01-10,B008,2110.53,346.98,834.52,32
2025-01-11,B001,5794.47,2107.67,2563.77,113
2025-01-11,B002,4129.28,1117.39,1940.73,78
2025-01-11,B003,3766.3,687.08,1357.6,57
2025-01-11,B004,5227.55,2120.44,2385.65,98
2025-01-11,B005,4063.6,808.11,1502.64,61
2025-01-11,B006,3184.37,566.78,1491.87,50
2025-01-11,B008,2547.0,386.17,1018.99,36
2025-01-12,B001,5433.84,2286.43,2591.18,111
2025-01-12,B002,3907.5,900.48,1802.98,60
2025-01-12,B003,3574.79,696.62,1358.75,53
2025-01-12,B004,5001.13,2384.51,2327.53,92
2025-01-12,B005,3501.29,804.35,1411.67,53
2025-01-12,B006,2980.21,562.33,1386.98,50
2025-01-12,B008,2790.05,421.41,1320.76,40
2025-01-13,B001,4863.68,2027.17,2041.96,97
2025-01-13,B002,4339.46,1026.4,1575.55,78
2025-01-13,B003,3495.13,712.46,1697.57,60
2025-01-13,B004,4993.98,2091.54,2434.81,95
2025-01-13,B005,4305.78,875.18,2093.27,75
2025-01-13,B006,3125.85,527.43,1169.36,50
2025-01-13,B008,2747.12,431.78,1205.46,43
2025-01-14,B001,5113.02,2022.4,2010.0,92
2025-01-14,B002,3590.74,975.42,1544.01,59
2025-01-14,B003,3821.04,751.6,1556.5,68
2025-01-14,B004,5044.82,2079.12,2022.01,90
2025-01-14,B005,4109.62,867.21,1644.7,69
2025-01-14,B006,2805.73,476.19,1056.49,45
2025-01-14,B008,2834.28,476.69,1352.98,44
2025-01-15,B001,5038.81,1980.48,1814.24,99
2025-01-15,B002,3991.52,1013.9,1776.67,68
2025-01-15,B003,3656.54,658.83,1541.29,54
2025-01-15,B004,5235.01,2077.94,1942.31,98
2025-01-15,B005,4040.34,858.55,1884.4,63
2025-01-15,B006,2969.31,497.05,1145.82,52
2025-01-15,B008,2487.46,403.06,1170.27,43
2025-01-16,B001,5342.09,2137.87,2058.18,97
2025-01-16,B002,4266.37,1012.53,1899.76,80
2025-01-16,B003,3976.4,796.69,1486.6,66
2025-01-16,B004,4557.29,2164.2,1947.49,101
2025-01-16,B005,3821.89,896.68,1602.67,60
2025-01-16,B006,3021.96,582.95,1321.83,44
2025-01-16,B008,2931.84,487.31,1329.6,46
2025-01-17,B001,4932.97,1938.85,2351.24,88
2025-01-17,B002,3597.11,856.38,1410.57,58
2025-01-17,B003,3403.27,650.87,1502.47,58
2025-01-17,B004,3958.53,1614.63,1564.9,78
2025-01-17,B005,3522.1,719.27,1373.85,55
2025-01-17,B006,2646.97,429.26,1093.17,41
2025-01-17,B008,2288.13,352.32,948.7,33
2025-01-18,B001,5514.4,2238.81,2599.35,99
2025-01-18,B002,4216.48,951.97,1710.75,66
2025-01-18,B003,4039.01,836.71,1674.06,63
2025-01-18,B004,5051.46,2216.37,1963.35,105
2025-01-18,B005,4095.76,817.79,1653.45,64
2025-01-18,B006,2941.28,486.63,1237.58,50
2025-01-18,B008,2833.59,421.18,1165.23,43
2025-01-19,B001,4741.68,1903.01,1790.65,91
2025-01-19,B002,3728.34,909.66,1444.79,65
2025-01-19,B003,3888.25,723.63,1779.89,58
2025-01-19,B004,4743.58,1844.1,1719.64,88
2025-01-19,B005,4343.82,925.75,1930.91,67
2025-01-19,B006,2924.7,541.0,1413.94,50
2025-01-19,B008,2399.0,365.51,903.01,36
2025-01-20,B001,5450.65,1989.14,2457.87,95
2025-01-20,B002,3793.51,968.81,1734.51,70
2025-01-20,B003,3864.96,802.28,1445.7,70
2025-01-20,B004,4616.92,2059.87,2237.18,92
2025-01-20,B005,4162.21,839.18,1872.08,66
2025-01-20,B006,2613.68,485.08,1229.84,41
2025-01-20,B008,2402.09,426.69,1109.15,40
2025-01-21,B001,5260.2,1987.27,2239.66,101
2025-01-21,B002,4314.13,1148.97,1612.28,67
2025-01-21,B003,3750.72,759.61,1695.14,62
2025-01-21,B004,4925.9,2343.11,1946.27,92
2025-01-21,B005,3968.13,868.25,1653.22,62
2025-01-21,B006,2704.71,509.22,1265.79,48
2025-01-21,B008,2854.77,442.73,1200.18,44
2025-01-22,B001,5322.39,1859.21,2504.84,104
2025-01-22,B002,3807.42,1009.24,1539.12,60
2025-01-22,B003,3866.87,705.37,1397.18,56
2025-01-22,B004,4395.01,1979.77,1861.35,82
2025-01-22,B005,4068.72,918.69,1724.35,63
2025-01-22,B006,2654.57,444.1,1194.38,44
2025-01-22,B008,2682.12,434.45,1150.68,43
2025-01-23,B001,5848.37,2189.74,2639.79,114
2025-01-23,B002,4106.02,949.79,1580.96,74
2025-01-23,B003,3840.04,768.26,1474.84,66
2025-01-23,B004,4971.19,2241.59,2420.77,97
2025-01-23,B005,3977.97,806.09,1532.45,69
2025-01-23,B006,2831.67,454.62,1216.02,47
2025-01-23,B008,3001.53,493.48,1352.68,51
2025-01-24,B001,5018.94,1947.85,2376.23,93
2025-01-24,B002,3591.26,887.15,1378.93,67
2025-01-24,B003,3544.68,672.31,1654.92,58
2025-01-24,B004,3889.46,1716.67,1427.31,82
2025-01-24,B005,3541.1,747.77,1732.34,63
2025-01-24,B006,2653.57,477.68,1228.06,45
2025-01-24,B008,2338.6,377.2,976.49,34
2025-01-25,B001,6141.41,2286.27,2706.72,111
2025-01-25,B002,4388.88,1197.23,1698.55,81
2025-01-25,B003,4015.59,715.43,1536.35,70
2025-01-25,B004,4585.11,1942.89,2004.59,92
2025-01-25,B005,3859.59,881.69,1742.17,65
2025-01-25,B006,3065.15,584.59,1417.38,48
2025-01-25,B008,2806.96,494.24,1165.64,44
2025-01-26,B001,5336.5,2268.57,2494.61,113
2025-01-26,B002,3859.14,927.94,1765.03,64
2025-01-26,B003,3589.75,635.39,1613.69,55
2025-01-26,B004,5315.8,2278.45,2254.93,113
2025-01-26,B005,3598.76,779.52,1446.35,63
2025-01-26,B006,2608.15,500.81,1222.37,41
2025-01-26,B008,2848.09,507.3,1274.23,48
2025-01-27,B001,4756.83,1956.93,2003.41,88
2025-01-27,B002,4506.07,1055.66,1965.07,73
2025-01-27,B003,3749.13,659.2,1519.28,62
2025-01-27,B004,4930.35,2290.13,1986.31,94
2025-01-27,B005,3730.76,891.22,1737.65,62
2025-01-27,B006,2869.36,488.77,1153.56,41
2025-01-27,B008,2597.62,424.02,1268.82,39
2025-01-28,B001,5402.58,2060.72,2076.67,104
2025-01-28,B002,4300.43,1102.21,1973.03,78
2025-01-28,B003,3700.14,762.96,1542.79,58
2025-01-28,B004,4375.25,2084.7,1921.41,93
2025-01-28,B005,3683.96,816.71,1590.71,67
2025-01-28,B006,3129.93,595.78,1314.53,55
2025-01-28,B008,2828.03,460.24,1281.55,44
2025-01-29,B001,4985.21,2085.97,2429.95,101
2025-01-29,B002,4176.44,1019.91,2004.04,70
2025-01-29,B003,3953.3,805.81,1565.16,61
2025-01-29,B004,4670.1,2206.23,1989.49,87
2025-01-29,B005,3819.34,805.67,1666.38,56
2025-01-29,B006,2908.16,479.59,1250.56,47
2025-01-29,B008,2678.63,439.58,1122.87,44
2025-01-30,B001,5141.46,2088.3,2233.11,104
2025-01-30,B002,4601.79,1047.33,2102.15,73
2025-01-30,B003,4122.93,768.34,1839.98,62
2025-01-30,B004,5589.0,2392.73,2038.94,108
2025-01-30,B005,4146.79,976.8,1964.1,70
2025-01-30,B006,3022.89,529.13,1372.14,49
2025-01-30,B008,2873.86,438.02,1209.99,41
2025-01-31,B001,4494.81,1823.75,1997.85,79
2025-01-31,B002,3827.24,1026.58,1566.88,68
2025-01-31,B003,3391.83,678.24,1605.72,61
2025-01-31,B004,3908.58,1725.78,1875.03,69
2025-01-31,B005,3676.03,796.56,1370.41,59
2025-01-31,B006,2737.63,478.0,1232.54,40
2025-01-31,B008,2110.84,362.7,840.4,34
2025-02-01,B001,5156.48,2019.21,2235.7,91
2025-02-01,B002,4074.94,934.37,1928.3,66
2025-02-01,B003,3627.4,745.96,1373.35,60
2025-02-01,B004,4936.08,1999.11,1783.02,88
2025-02-01,B005,4437.9,1008.15,1688.78,75
2025-02-01,B006,2908.67,521.78,1288.72,47
2025-02-01,B008,2605.5,451.65,1005.46,42
2025-02-02,B001,5420.58,1986.88,2354.43,99
2025-02-02,B002,4573.15,1096.85,2227.73,74
2025-02-02,B003,3553.27,685.33,1595.96,54
2025-02-02,B004,4437.87,1948.54,1884.21,79
2025-02-02,B005,3768.31,875.94,1653.98,65
2025-02-02,B006,2964.51,535.09,1328.42,45
2025-02-02,B008,2723.85,471.58,1203.05,40
2025-02-03,B001,5578.12,2078.25,2327.79,102
2025-02-03,B002,4395.53,1010.26,1751.02,69
2025-02-03,B003,3528.76,625.57,1517.8,51
2025-02-03,B004,4807.82,2260.92,2249.88,101
2025-02-03,B005,4243.01,928.1,1972.34,66
2025-02-03,B006,2834.97,464.44,1375.46,48
2025-02-03,B008,2886.87,501.74,1311.07,41
2025-02-04,B001,5750.12,2390.44,2343.47,104
2025-02-04,B002,3728.46,938.94,1562.68,61
2025-02-04,B003,3853.59,745.87,1799.3,57
2025-02-04,B004,4619.12,1861.34,1677.91,81
2025-02-04,B005,3975.15,944.34,1545.45,73
2025-02-04,B006,3052.54,580.68,1218.83,50
2025-02-04,B008,2446.76,431.77,977.64,39
2025-02-05,B001,4813.61,2037.04,1817.8,94
2025-02-05,B002,4238.9,1111.76,2047.29,74
2025-02-05,B003,3960.25,705.21,1639.28,69
2025-02-05,B004,4946.35,2075.62,2392.54,106
2025-02-05,B005,3892.76,845.09,1882.43,59
2025-02-05,B006,2656.16,485.2,1144.22,38
2025-02-05,B008,2601.33,415.47,1000.67,44
2025-02-06,B001,5989.24,2305.78,2672.16,109
2025-02-06,B002,4476.24,1013.95,2069.29,79
2025-02-06,B003,3592.37,692.69,1325.29,55
2025-02-06,B004,4920.78,1974.6,2327.83,97
2025-02-06,B005,3804.29,901.28,1370.95,59
2025-02-06,B006,2835.92,465.96,1113.34,48
2025-02-06,B008,2903.89,431.53,1051.01,42
2025-02-07,B001,4529.76,1693.34,1733.32,93
2025-02-07,B002,3820.9,960.21,1745.91,65
2025-02-07,B003,3476.39,663.84,1300.79,56
2025-02-07,B004,4876.56,1878.44,2252.09,85
2025-02-07,B005,3535.62,769.77,1715.92,64
2025-02-07,B006,2554.84,442.53,1147.62,41
2025-02-07,B008,2574.4,386.2,953.82,39
2025-02-08,B001,5178.28,1914.48,2290.35,95
2025-02-08,B002,4082.0,1123.49,1751.06,71
2025-02-08,B003,4027.45,709.27,1817.31,59
2025-02-08,B004,5192.59,2364.78,2355.93,109
2025-02-08,B005,4156.73,864.57,1679.57,69
2025-02-08,B006,3009.25,491.03,1250.28,46
2025-02-08,B008,2737.92,417.16,1314.17,47
2025-02-09,B001,5883.99,2086.48,2192.1,102
2025-02-09,B002,4401.48,1112.8,1920.1,74
2025-02-09,B003,3663.65,648.2,1487.33,56
2025-02-09,B004,5057.87,2354.76,2294.95,91
2025-02-09,B005,4102.55,874.63,1785.14,72
2025-02-09,B006,3026.61,506.6,1132.16,44
2025-02-09,B008,2589.59,442.3,1125.52,38
2025-02-10,B001,5587.53,2409.05,2606.0,105
2025-02-10,B002,4355.27,987.57,2093.93,67
2025-02-10,B003,3612.89,646.68,1630.68,60
2025-02-10,B004,4948.94,1889.38,2341.26,91
2025-02-10,B005,3973.9,812.12,1757.71,72
2025-02-10,B006,3082.2,514.98,1277.81,50
2025-02-10,B008,2595.68,440.07,1196.58,40
2025-02-11,B001,5079.98,1784.46,1932.75,90
2025-02-11,B002,4342.72,1036.64,1937.08,73
2025-02-11,B003,3737.52,681.36,1712.32,65
2025-02-11,B004,4952.12,2018.73,2219.56,94
2025-02-11,B005,4207.05,842.87,1730.71,67
2025-02-11,B006,2643.94,449.23,1024.42,45
2025-02-11,B008,2562.68,403.9,925.14,38
2025-02-12,B001,5081.53,1923.93,2294.19,95
2025-02-12,B002,4384.97,1164.21,1619.68,70
2025-02-12,B003,3464.22,600.24,1661.96,51
2025-02-12,B004,5002.36,2180.02,2262.24,99
2025-02-12,B005,3763.62,750.2,1513.8,57
2025-02-12,B006,2959.45,555.21,1419.26,52
2025-02-12,B008,2888.53,447.92,1261.0,45
2025-02-13,B001,5561.47,2072.67,2247.6,107
2025-02-13,B002,4042.3,1012.69,1515.15,68
2025-02-13,B003,4248.29,786.09,1931.1,64
2025-02-13,B004,5578.33,2249.16,2114.4,113
2025-02-13,B005,4219.94,973.79,1878.78,75
2025-02-13,B006,3203.74,564.74,1467.56,48
2025-02-13,B008,2734.71,480.71,1185.18,42
2025-02-14,B001,4761.34,2004.98,2102.31,99
2025-02-14,B002,3358.79,830.01,1341.39,60
2025-02-14,B003,3017.29,575.53,1207.98,49
2025-02-14,B004,3887.32,1795.24,1438.21,71
2025-02-14,B005,3769.68,846.13,1605.58,63
2025-02-14,B006,2578.51,480.23,1228.57,42
2025-02-14,B008,2502.33,418.91,1005.43,40
2025-02-15,B001,5371.58,1890.96,2006.04,90
2025-02-15,B002,4165.79,1086.47,1772.92,76
2025-02-15,B003,3726.32,701.38,1554.34,60
2025-02-15,B004,4851.42,2019.27,1924.93,95
2025-02-15,B005,4030.3,901.66,1864.41,65
2025-02-15,B006,2809.49,458.38,1259.18,46
2025-02-15,B008,2911.04,487.75,1390.97,42
2025-02-16,B001,5201.89,2060.35,1968.32,101
2025-02-16,B002,4527.84,1177.25,1860.74,76
2025-02-16,B003,4122.77,756.97,1686.08,62
2025-02-16,B004,5216.2,2323.47,2439.96,97
2025-02-16,B005,4166.59,919.33,1849.9,70
2025-02-16,B006,2856.95,491.18,1095.45,48
2025-02-16,B008,2934.1,476.42,1142.69,50
2025-02-17,B001,4848.81,2033.14,1809.33,88
2025-02-17,B002,4388.03,1182.5,1601.22,78
2025-02-17,B003,4016.91,711.95,1642.81,69
2025-02-17,B004,5200.88,2369.68,2419.32,110
2025-02-17,B005,3986.34,859.88,1785.59,69
2025-02-17,B006,2913.67,493.49,1332.45,47
2025-02-17,B008,2725.63,428.06,1267.75,43
2025-02-18,B001,5826.88,2200.0,2815.12,98
2025-02-18,B002,4183.45,1000.61,1713.72,70
2025-02-18,B003,4085.97,825.71,1896.56,72
2025-02-18,B004,4678.93,2070.6,2216.11,90
2025-02-18,B005,3661.65,858.69,1723.36,64
2025-02-18,B006,3104.73,524.61,1483.1,53
2025-02-18,B008,2630.97,464.29,1023.09,42
2025-02-19,B001,5411.64,1889.5,1985.66,99
2025-02-19,B002,3882.65,1068.6,1586.99,75
2025-02-19,B003,4059.33,823.68,1804.35,62
2025-02-19,B004,4683.33,1910.77,2191.18,85
2025-02-19,B005,3711.28,847.58,1552.5,69
2025-02-19,B006,2704.34,455.46,1267.1,42
2025-02-19,B008,2817.93,461.11,1055.19,46
2025-02-20,B001,5568.34,1953.79,2308.51,96
2025-02-20,B002,4381.88,1011.52,2093.09,71
2025-02-20,B003,3548.16,677.82,1388.94,62
2025-02-20,B004,5065.45,2228.33,1981.97,100
2025-02-20,B005,4394.08,887.68,2138.62,79
2025-02-20,B006,3067.14,542.01,1498.25,48
2025-02-20,B008,2747.7,444.82,1216.24,39
2025-02-21,B001,4676.87,1628.97,2163.09,88
2025-02-21,B002,3836.68,983.9,1766.01,62
2025-02-21,B003,3260.58,567.9,1405.25,48
2025-02-21,B004,4021.49,1835.61,1690.64,76
2025-02-21,B005,3603.98,839.73,1327.0,57
2025-02-21,B006,2577.04,437.19,942.41,44
2025-02-21,B008,2134.58,375.83,911.46,31
2025-02-22,B001,5783.24,2127.61,2648.31,115
2025-02-22,B002,4185.23,1105.74,1977.74,74
2025-02-22,B003,3653.87,678.55,1737.9,56
2025-02-22,B004,5638.08,2354.2,2743.4,108
2025-02-22,B005,4133.76,983.67,1767.21,65
2025-02-22,B006,3232.4,525.74,1416.82,47
2025-02-22,B008,2849.3,448.48,1055.41,43
2025-02-23,B001,5189.63,2064.51,2155.75,94
2025-02-23,B002,4142.32,942.5,1959.75,71
2025-02-23,B003,4191.44,764.32,2042.92,61
2025-02-23,B004,4521.81,1999.41,1841.42,83
2025-02-23,B005,4117.7,985.03,1558.8,67
2025-02-23,B006,3146.06,507.2,1160.08,47
2025-02-23,B008,2639.79,420.4,1144.99,40
2025-02-24,B001,5473.85,2347.14,2235.31,100
2025-02-24,B002,4251.77,1069.21,1750.64,70
2025-02-24,B003,3640.58,642.98,1658.78,58
2025-02-24,B004,4858.32,2111.61,1914.33,99
2025-02-24,B005,3928.53,947.36,1560.12,60
2025-02-24,B006,2967.69,486.9,1397.39,47
2025-02-24,B008,2925.54,471.39,1086.58,44
2025-02-25,B001,5880.69,2196.26,2382.65,120
2025-02-25,B002,4166.3,1124.39,1960.98,68
2025-02-25,B003,4096.68,800.87,1897.5,66
2025-02-25,B004,4711.04,1883.8,1781.03,84
2025-02-25,B005,3653.87,810.54,1490.63,57
2025-02-25,B006,2964.26,534.16,1100.36,49
2025-02-25,B008,2960.69,501.71,1268.18,44
2025-02-26,B001,5948.17,2099.73,2893.24,106
2025-02-26,B002,4127.51,1069.32,1670.76,65
2025-02-26,B003,3987.63,779.86,1529.87,59
2025-02-26,B004,4791.19,2251.72,1759.34,104
2025-02-26,B005,3809.75,782.2,1531.32,59
2025-02-26,B006,2818.67,539.21,1342.64,42
2025-02-26,B008,2564.51,428.0,1106.87,44
2025-02-27,B001,5428.62,2126.87,2308.98,110
2025-02-27,B002,4821.55,1123.16,2148.65,77
2025-02-27,B003,3986.86,809.47,1727.39,61
2025-02-27,B004,4856.37,1871.6,2153.26,89
2025-02-27,B005,4296.91,992.82,1779.59,69
2025-02-27,B006,3052.13,551.55,1213.7,44
2025-02-27,B008,2786.63,479.56,1251.33,46
2025-02-28,B001,4505.13,1585.22,1879.31,83
2025-02-28,B002,3465.64,884.97,1388.46,56
2025-02-28,B003,3458.66,704.57,1683.67,61
2025-02-28,B004,4270.27,1856.01,1714.45,83
2025-02-28,B005,3428.77,715.96,1277.51,59
2025-02-28,B006,2525.9,455.46,990.85,37
2025-02-28,B008,2233.76,352.01,971.91,36
2025-03-01,B001,5968.13,2320.05,2547.88,112
2025-03-01,B002,4287.08,971.47,2070.15,71
2025-03-01,B003,4356.21,785.12,1768.08,77
2025-03-01,B004,5063.82,2364.97,2253.67,101
2025-03-01,B005,4193.84,983.73,1744.73,65
2025-03-01,B006,3183.19,589.85,1297.38,52
2025-03-01,B008,2883.87,443.01,1245.6,50
2025-03-02,B001,5368.65,2212.53,2127.94,93
2025-03-02,B002,4426.5,1023.53,2154.65,75
2025-03-02,B003,4043.85,746.76,1949.39,61
2025-03-02,B004,4703.39,2019.95,1998.99,101
2025-03-02,B005,3782.31,803.37,1594.57,63
2025-03-02,B006,3012.39,533.15,1212.89,47
2025-03-02,B008,2498.73,444.38,1139.7,42
2025-03-03,B001,5170.06,2160.32,2219.01,95
2025-03-03,B002,3990.58,1061.45,1627.71,66
2025-03-03,B003,4156.09,804.29,1926.67,64
2025-03-03,B004,5367.32,2059.22,2263.38,91
2025-03-03,B005,4244.49,982.42,1846.75,67
2025-03-03,B006,3029.66,501.79,1338.42,47
2025-03-03,B008,2927.5,445.62,1312.97,51
2025-03-04,B001,6092.71,2168.85,2208.38,116
2025-03-04,B002,3888.67,1009.49,1607.38,62
2025-03-04,B003,4076.64,832.28,1857.56,73
2025-03-04,B004,4742.98,1899.41,1907.89,87
2025-03-04,B005,4105.79,868.73,1570.52,62
2025-03-04,B006,2872.41,493.05,1322.34,43
2025-03-04,B008,2780.65,469.03,1221.57,47
2025-03-05,B001,5165.83,2034.96,2010.71,88
2025-03-05,B002,4077.63,976.75,1577.82,65
2025-03-05,B003,3682.96,681.41,1772.91,55
2025-03-05,B004,4911.67,1927.67,2200.24,95
2025-03-05,B005,4400.42,1026.63,2130.24,69
2025-03-05,B006,2848.25,482.66,1289.8,47
2025-03-05,B008,2703.8,420.33,1141.76,45
2025-03-06,B001,5571.93,2381.15,2510.17,117
2025-03-06,B002,4470.41,1137.08,1750.25,73
2025-03-06,B003,3967.08,775.57,1455.22,65
2025-03-06,B004,5593.56,2184.2,2574.15,118
2025-03-06,B005,4202.75,1000.98,1735.31,64
2025-03-06,B006,3309.46,581.54,1277.22,48
2025-03-06,B008,2716.52,454.27,1298.58,47
2025-03-07,B001,4870.83,1909.04,2211.38,84
2025-03-07,B002,4070.53,952.35,1932.25,73
2025-03-07,B003,3577.78,747.01,1472.65,59
2025-03-07,B004,4650.25,2210.37,2233.91,86
2025-03-07,B005,3217.41,715.65,1203.15,48
2025-03-07,B006,2456.19,473.91,1057.71,40
2025-03-07,B008,2580.13,447.71,1085.83,44
2025-03-08,B001,5356.66,1930.12,2247.97,104
2025-03-08,B002,4073.84,1067.12,1885.37,68
2025-03-08,B003,4207.62,752.4,1983.05,62
2025-03-08,B004,5557.59,2390.15,2063.4,104
2025-03-08,B005,4011.45,819.58,1612.88,69
2025-03-08,B006,2951.86,495.18,1351.92,42
2025-03-08,B008,2702.47,458.29,976.91,41
2025-03-09,B001,5836.16,2054.63,2190.71,111
2025-03-09,B002,4140.77,1035.71,1972.52,67
2025-03-09,B003,3710.26,655.81,1777.57,62
2025-03-09,B004,5237.14,2103.12,1976.31,107
2025-03-09,B005,4252.62,952.83,1760.84,70
2025-03-09,B006,2939.61,522.42,1312.04,50
2025-03-09,B008,2567.91,437.98,1215.92,45
2025-03-10,B001,5345.57,2174.17,1978.68,100
2025-03-10,B002,3845.16,970.47,1636.94,64
2025-03-10,B003,3564.57,656.85,1524.37,62
2025-03-10,B004,4701.88,2053.61,1748.26,91
2025-03-10,B005,4326.73,941.15,1846.31,72
2025-03-10,B006,2702.05,473.46,1256.18,41
2025-03-10,B008,2644.92,456.13,1208.61,41
2025-03-11,B001,5024.74,1887.2,1850.56,84
2025-03-11,B002,4670.42,1068.67,2248.3,86
2025-03-11,B003,3714.16,744.0,1706.87,55
2025-03-11,B004,5201.62,2188.9,2543.96,102
2025-03-11,B005,4308.36,1021.89,1761.41,69
2025-03-11,B006,3054.62,543.04,1359.18,50
2025-03-11,B008,2546.88,417.49,1091.97,38
2025-03-12,B001,5332.41,1851.76,1935.43,102
2025-03-12,B002,4364.42,1100.82,1873.0,69
2025-03-12,B003,3639.99,673.11,1440.83,53
2025-03-12,B004,5394.23,2112.52,2509.57,103
2025-03-12,B005,4230.18,999.06,1531.47,75
2025-03-12,B006,2762.56,445.27,1209.21,42
2025-03-12,B008,2463.94,419.17,1015.87,41
2025-03-13,B001,5253.44,2211.96,1929.79,101
2025-03-13,B002,4157.55,1105.87,1892.09,74
2025-03-13,B003,4026.06,792.2,1617.22,68
2025-03-13,B004,4804.65,2135.38,1867.74,98
2025-03-13,B005,3802.78,908.98,1803.9,58
2025-03-13,B006,3166.89,551.22,1344.12,46
2025-03-13,B008,3072.08,516.12,1419.78,50
2025-03-14,B001,4845.03,1740.44,1981.33,84
2025-03-14,B002,3649.44,977.01,1456.48,60
2025-03-14,B003,3520.35,724.19,1524.7,52
2025-03-14,B004,4590.93,1807.01,1797.68,92
2025-03-14,B005,3635.52,864.78,1709.16,67
2025-03-14,B006,2750.28,457.31,1086.09,42
2025-03-14,B008,2425.52,422.57,932.52,36
2025-03-15,B001,5934.61,2338.2,2506.31,104
2025-03-15,B002,4174.0,1140.66,1510.96,66
2025-03-15,B003,4389.69,775.89,2150.7,70
2025-03-15,B004,4929.41,2163.38,1905.64,88
2025-03-15,B005,4240.83,981.45,1736.56,70
2025-03-15,B006,3017.93,508.83,1287.65,48
2025-03-15,B008,2576.67,457.5,1084.87,38
2025-03-16,B001,5985.07,2261.18,2476.69,110
2025-03-16,B002,4051.41,942.13,1595.85,62
2025-03-16,B003,3890.51,729.45,1477.67,65
2025-03-16,B004,4801.19,2218.11,2040.07,92
2025-03-16,B005,4262.97,891.84,1989.99,63
2025-03-16,B006,3051.64,537.57,1165.33,46
2025-03-16,B008,2533.66,429.46,1072.96,37
2025-03-17,B001,5481.8,2199.59,2015.3,115
2025-03-17,B002,4444.62,1211.88,1986.16,72
2025-03-17,B003,3715.15,754.31,1449.23,58
2025-03-17,B004,4539.66,1948.12,1854.52,85
2025-03-17,B005,4196.06,942.11,1774.16,70
2025-03-17,B006,2670.8,475.91,965.6,42
2025-03-17,B008,2574.11,456.73,932.42,38
2025-03-18,B001,5568.53,2315.74,2663.26,116
2025-03-18,B002,3945.72,918.12,1518.91,65
2025-03-18,B003,4092.01,745.13,1684.26,67
2025-03-18,B004,4920.35,2140.19,2404.72,101
2025-03-18,B005,4176.77,979.85,1858.6,65
2025-03-18,B006,3158.2,515.17,1292.67,49
2025-03-18,B008,2519.58,373.2,963.18,39
2025-03-19,B001,5318.65,2201.43,2305.96,94
2025-03-19,B002,3886.77,977.17,1420.74,70
2025-03-19,B003,4056.1,830.3,1710.92,73
2025-03-19,B004,4474.79,2109.93,2134.07,88
2025-03-19,B005,3642.48,867.48,1460.21,55
2025-03-19,B006,2999.11,554.57,1357.55,49
2025-03-19,B008,2521.71,384.96,986.65,37
2025-03-20,B001,5443.44,2308.15,2194.39,99
2025-03-20,B002,4007.08,1101.59,1819.78,69
2025-03-20,B003,4413.36,770.14,1839.59,65
2025-03-20,B004,4980.17,2268.06,2411.06,100
2025-03-20,B005,4549.42,908.49,1799.44,67
2025-03-20,B006,3095.1,531.43,1492.92,50
2025-03-20,B008,2930.4,491.36,1087.59,45
2025-03-21,B001,5050.6,2058.39,1872.08,104
2025-03-21,B002,3864.24,992.07,1762.69,68
2025-03-21,B003,3147.62,543.88,1259.28,51
2025-03-21,B004,4337.82,1706.74,1667.29,83
2025-03-21,B005,3642.25,785.22,1323.64,62
2025-03-21,B006,2394.36,430.35,962.96,39
2025-03-21,B008,2310.73,368.34,857.31,33
2025-03-22,B001,5988.9,2584.09,2601.31,125
2025-03-22,B002,4362.76,1013.03,1741.38,73
2025-03-22,B003,3638.1,684.37,1508.88,59
2025-03-22,B004,4880.9,1975.08,1913.59,90
2025-03-22,B005,4370.8,903.05,1634.27,74
2025-03-22,B006,3382.79,578.2,1490.54,50
2025-03-22,B008,2756.63,435.02,1284.62,40
2025-03-23,B001,6148.03,2201.85,2469.58,103
2025-03-23,B002,4013.08,966.26,1947.93,61
2025-03-23,B003,3644.61,720.15,1544.7,58
2025-03-23,B004,4822.89,2008.89,2248.16,95
2025-03-23,B005,3758.62,835.37,1642.48,61
2025-03-23,B006,3074.8,547.74,1487.86,49
2025-03-23,B008,2851.29,458.86,1134.45,43
2025-03-24,B001,5734.78,2379.46,2369.54,110
2025-03-24,B002,4395.48,1042.75,1958.74,70
2025-03-24,B003,4100.33,718.45,2004.2,65
2025-03-24,B004,4940.44,2120.53,2369.69,92
2025-03-24,B005,4076.5,946.13,1658.07,63
2025-03-24,B006,2981.86,539.95,1106.41,45
2025-03-24,B008,2830.04,448.32,1256.85,49
2025-03-25,B001,5957.36,2409.14,2454.13,107
2025-03-25,B002,4645.77,1145.33,1678.85,83
2025-03-25,B003,3833.01,732.71,1669.15,61
2025-03-25,B004,5025.93,2100.77,2313.96,94
2025-03-25,B005,4106.06,874.21,1491.29,74
2025-03-25,B006,2883.95,553.75,1081.74,42
2025-03-25,B008,2550.13,400.68,1069.0,43
2025-03-26,B001,5482.6,2120.85,2286.03,99
2025-03-26,B002,4117.74,988.64,1916.08,75
2025-03-26,B003,4076.3,798.42,1826.3,71
2025-03-26,B004,5629.25,2273.76,2154.19,115
2025-03-26,B005,4066.24,973.74,1586.41,70
2025-03-26,B006,2773.7,502.47,1154.35,49
2025-03-26,B008,2818.34,433.17,1231.58,45
2025-03-27,B001,6056.35,2204.03,2772.61,105
2025-03-27,B002,4086.97,941.64,1934.6,73
2025-03-27,B003,3847.37,726.91,1516.27,57
2025-03-27,B004,5224.97,2311.16,2286.48,99
2025-03-27,B005,4344.66,925.56,2041.63,69
2025-03-27,B006,3266.39,598.9,1302.21,51
2025-03-27,B008,2632.24,399.6,987.94,43
2025-03-28,B001,4473.91,1815.55,1907.71,87
2025-03-28,B002,3476.53,849.01,1335.5,57
2025-03-28,B003,3483.6,681.98,1706.92,56
2025-03-28,B004,4539.53,1789.41,1819.88,86
2025-03-28,B005,3289.77,702.38,1188.41,59
2025-03-28,B006,2744.61,527.19,1168.4,44
2025-03-28,B008,2500.63,400.7,1173.26,39
2025-03-29,B001,5390.27,1883.88,2473.8,103
2025-03-29,B002,4204.33,1059.0,1605.5,72
2025-03-29,B003,4140.8,829.0,1786.61,73
2025-03-29,B004,4750.76,2166.54,2218.73,96
2025-03-29,B005,4595.19,919.91,2083.77,74
2025-03-29,B006,3432.94,560.98,1606.3,51
2025-03-29,B008,2693.39,479.73,1127.09,44
2025-03-30,B001,5865.03,2250.08,2869.26,103
2025-03-30,B002,3966.84,1054.11,1731.25,70
2025-03-30,B003,3973.79,776.13,1516.31,70
2025-03-30,B004,4844.78,1939.99,1781.51,95
2025-03-30,B005,3900.89,862.78,1568.45,62
2025-03-30,B006,2866.61,483.86,1351.73,41
2025-03-30,B008,2862.61,431.28,1388.83,42
2025-03-31,B001,5772.7,2498.4,2728.85,122
2025-03-31,B002,4595.94,1092.03,2079.58,72
2025-03-31,B003,4007.25,789.05,1697.59,64
2025-03-31,B004,4840.45,2034.04,2026.98,90
2025-03-31,B005,4458.58,902.1,1903.95,76
2025-03-31,B006,3244.68,558.53,1568.91,53
2025-03-31,B008,2445.06,418.48,1113.12,37
2025-04-01,B001,5393.72,2174.86,2192.92,113
2025-04-01,B002,4317.38,1019.11,1795.4,77
2025-04-01,B003,3614.94,732.06,1460.1,58
2025-04-01,B004,5117.48,2185.86,2070.97,95
2025-04-01,B005,3768.53,763.5,1740.71,62
2025-04-01,B006,2722.08,513.04,1136.11,49
2025-04-01,B008,3008.47,462.84,1352.36,51
2025-04-02,B001,5779.96,2080.96,2781.63,112
2025-04-02,B002,4414.71,1049.12,1802.7,68
2025-04-02,B003,3583.87,669.21,1432.53,55
2025-04-02,B004,4726.36,2098.35,2133.86,103
2025-04-02,B005,4118.73,840.14,1603.85,65
2025-04-02,B006,2666.67,488.01,1243.27,39
2025-04-02,B008,2718.09,412.49,1003.54,43
2025-04-03,B001,6126.34,2177.06,2455.04,104
2025-04-03,B002,4044.74,1067.1,1852.13,75
2025-04-03,B003,4421.93,785.59,1896.86,79
2025-04-03,B004,5426.93,2294.11,2463.37,102
2025-04-03,B005,3964.57,855.32,1781.1,60
2025-04-03,B006,2868.55,468.57,1313.27,44
2025-04-03,B008,2744.63,485.78,1100.28,47
2025-04-04,B001,4739.15,1677.02,2047.03,85
2025-04-04,B002,3768.72,995.34,1695.03,60
2025-04-04,B003,3496.81,641.05,1494.21,56
2025-04-04,B004,4725.26,1931.78,1734.61,83
2025-04-04,B005,3922.38,860.15,1469.54,65
2025-04-04,B006,2663.36,472.51,1297.32,38
2025-04-04,B008,2640.39,400.68,1246.01,40
2025-04-05,B001,5497.06,2225.65,2524.0,95
2025-04-05,B002,4737.34,1072.03,1747.03,83
2025-04-05,B003,3663.4,640.14,1694.72,58
2025-04-05,B004,5381.34,2306.84,2227.91,100
2025-04-05,B005,3888.37,859.64,1711.22,67
2025-04-05,B006,2973.37,525.83,1148.96,44
2025-04-05,B008,2872.71,458.17,1271.05,42
2025-04-06,B001,5846.64,2060.23,2635.83,102
2025-04-06,B002,4613.11,1053.08,1712.42,78
2025-04-06,B003,3779.72,734.92,1512.67,58
2025-04-06,B004,5425.43,2128.07,2452.44,98
2025-04-06,B005,3749.24,896.93,1604.64,59
2025-04-06,B006,3133.18,518.58,1179.65,47
2025-04-06,B008,2581.58,450.78,1188.27,46
2025-04-07,B001,5913.67,2184.86,2178.02,105
2025-04-07,B002,4376.62,1003.14,1834.57,75
2025-04-07,B003,3819.56,736.82,1557.61,65
2025-04-07,B004,4620.06,2013.65,2097.33,95
2025-04-07,B005,4156.84,832.57,1962.78,71
2025-04-07,B006,2965.46,511.83,1125.42,43
2025-04-07,B008,2925.48,480.93,1400.76,44
2025-04-08,B001,5464.29,2041.77,2262.83,97
2025-04-08,B002,4112.77,942.83,1679.92,68
2025-04-08,B003,4175.33,747.2,1939.71,60
2025-04-08,B004,5664.35,2195.25,2381.64,111
2025-04-08,B005,4391.81,931.76,1896.83,81
2025-04-08,B006,2789.2,498.13,1114.31,43
2025-04-08,B008,2707.55,448.3,1148.37,40
2025-04-09,B001,5029.2,2134.29,2307.71,102
2025-04-09,B002,3833.23,941.13,1496.07,67
2025-04-09,B003,4039.71,825.4,1953.72,74
2025-04-09,B004,5077.23,2353.8,2307.8,110
2025-04-09,B005,4145.31,863.88,1757.46,75
2025-04-09,B006,3247.65,596.09,1208.43,48
2025-04-09,B008,2949.1,481.85,1330.37,48
2025-04-10,B001,6414.74,2270.3,2389.01,127
2025-04-10,B002,4768.52,1092.45,2068.66,80
2025-04-10,B003,4383.66,793.45,1726.85,73
2025-04-10,B004,5483.04,2459.19,2498.05,112
2025-04-10,B005,4112.81,828.99,1588.99,63
2025-04-10,B006,3173.18,524.0,1210.15,50
2025-04-10,B008,2786.61,456.67,1352.63,47
2025-04-11,B001,4714.49,1739.05,1770.71,94
2025-04-11,B002,3816.48,1017.23,1719.68,73
2025-04-11,B003,3611.63,665.48,1343.01,61
2025-04-11,B004,4304.62,1850.52,1928.61,88
2025-04-11,B005,4009.63,800.94,1654.26,66
2025-04-11,B006,2763.52,464.88,1160.86,41
2025-04-11,B008,2259.84,334.9,1057.49,32
2025-04-12,B001,5181.15,2162.8,2115.94,97
2025-04-12,B002,4517.89,1148.13,1778.45,72
2025-04-12,B003,3645.31,637.5,1740.0,59
2025-04-12,B004,4718.35,2214.73,2207.32,97
2025-04-12,B005,3861.62,841.23,1474.51,63
2025-04-12,B006,3297.74,570.49,1199.83,50
2025-04-12,B008,2675.24,412.56,1028.17,44
2025-04-13,B001,6080.71,2127.06,2678.51,117
2025-04-13,B002,4075.85,1001.09,1759.1,76
2025-04-13,B003,3696.28,655.94,1426.5,54
2025-04-13,B004,5020.38,2216.48,2330.87,92
2025-04-13,B005,4435.57,1027.76,1803.88,73
2025-04-13,B006,2926.27,556.99,1244.58,48
2025-04-13,B008,2568.78,404.15,997.9,37
2025-04-14,B001,5952.39,2093.83,2910.12,108
2025-04-14,B002,4371.08,1204.19,2127.05,82
2025-04-14,B003,3971.54,723.08,1851.2,58
2025-04-14,B004,4434.94,2123.94,1723.08,82
2025-04-14,B005,4344.39,926.77,2037.95,66
2025-04-14,B006,2769.66,497.3,1287.36,42
2025-04-14,B008,2993.55,445.07,1350.31,42
2025-04-15,B001,5534.34,2182.55,2127.79,94
2025-04-15,B002,4557.83,1137.69,1823.94,77
2025-04-15,B003,3538.01,639.86,1374.32,56
2025-04-15,B004,4404.62,2073.32,1701.02,95
2025-04-15,B005,4193.17,996.79,1969.77,73
2025-04-15,B006,2678.19,480.35,1283.49,40
2025-04-15,B008,2892.27,502.73,1402.38,47
2025-04-16,B001,6008.64,2282.83,2242.03,117
2025-04-16,B002,3978.34,927.38,1922.85,62
2025-04-16,B003,4154.9,814.0,1589.86,61
2025-04-16,B004,5077.58,2395.87,2347.41,107
2025-04-16,B005,4197.69,863.73,1678.6,66
2025-04-16,B006,2728.96,502.46,1319.02,40
2025-04-16,B008,2636.27,469.14,1279.84,47
2025-04-17,B001,5667.34,2415.73,2753.08,116
2025-04-17,B002,4380.3,1192.42,1657.0,72
2025-04-17,B003,3710.06,772.58,1416.59,56
2025-04-17,B004,4736.98,2128.51,2098.88,86
2025-04-17,B005,4229.2,886.18,1659.71,76
2025-04-17,B006,2968.14,485.57,1069.03,48
2025-04-17,B008,2934.05,519.84,1393.65,47
2025-04-18,B001,4693.83,1844.1,1751.67,89
2025-04-18,B002,3969.4,1022.49,1783.57,73
2025-04-18,B003,3042.41,618.08,1211.91,51
2025-04-18,B004,4970.92,1928.94,1899.46,96
2025-04-18,B005,3746.82,830.03,1786.32,68
2025-04-18,B006,2650.95,477.85,1120.7,47
2025-04-18,B008,2636.27,402.64,1253.99,44
2025-04-19,B001,5341.4,1943.74,2054.83,94
2025-04-19,B002,4551.09,1190.59,1795.33,81
2025-04-19,B003,3814.62,665.11,1656.8,56
2025-04-19,B004,4917.55,2041.11,2043.68,98
2025-04-19,B005,4359.42,975.73,1682.55,80
2025-04-19,B006,2898.02,491.49,1074.16,43
2025-04-19,B008,2735.29,436.81,1158.62,41
2025-04-20,B001,5017.13,1970.29,1926.75,87
2025-04-20,B002,4126.11,1020.37,1626.63,70
2025-04-20,B003,3633.97,661.88,1337.35,55
2025-04-20,B004,5347.06,2080.59,2163.92,99
2025-04-20,B005,4442.72,992.36,1919.11,68
2025-04-20,B006,3160.64,549.24,1357.87,46
2025-04-20,B008,2686.11,468.63,1133.31,47
2025-04-21,B001,5839.54,2380.54,2483.4,102
2025-04-21,B002,4448.4,1151.87,1960.12,82
2025-04-21,B003,4052.62,724.3,1977.55,59
2025-04-21,B004,5476.39,2151.5,2272.91,93
2025-04-21,B005,3949.19,952.5,1743.72,62
2025-04-21,B006,2787.45,530.39,1334.75,49
2025-04-21,B008,2672.06,426.7,1075.23,44
2025-04-22,B001,5303.41,2237.68,2451.51,99
2025-04-22,B002,4257.57,1047.33,1762.11,78
2025-04-22,B003,3851.57,770.02,1857.05,57
2025-04-22,B004,5229.88,2042.4,2077.27,98
2025-04-22,B005,3955.88,853.31,1621.1,65
2025-04-22,B006,3066.78,494.68,1213.84,52
2025-04-22,B008,2770.2,467.29,1011.24,40
2025-04-23,B001,5375.39,1970.48,2456.27,91
2025-04-23,B002,4646.22,1052.2,2166.35,80
2025-04-23,B003,3647.1,693.58,1643.03,64
2025-04-23,B004,5531.92,2177.54,2692.1,105
2025-04-23,B005,4369.49,916.35,1809.76,69
2025-04-23,B006,2799.42,467.39,1307.66,42
2025-04-23,B008,2838.05,493.87,1324.61,45
2025-04-24,B001,5364.55,1999.67,2284.67,108
2025-04-24,B002,4627.89,1246.1,1683.46,85
2025-04-24,B003,4185.38,848.92,1642.48,69
2025-04-24,B004,5582.33,2505.92,2208.46,102
2025-04-24,B005,4214.64,949.73,1585.14,78
2025-04-24,B006,2992.48,537.46,1146.38,44
2025-04-24,B008,2892.49,457.76,1102.78,42
2025-04-25,B001,4993.36,2024.32,1982.66,97
2025-04-25,B002,3453.4,875.86,1676.42,54
2025-04-25,B003,3433.71,676.3,1356.25,57
2025-04-25,B004,3918.41,1789.02,1801.62,86
2025-04-25,B005,3852.7,870.16,1688.05,71
2025-04-25,B006,2454.01,458.15,980.89,36
2025-04-25,B008,2468.67,396.19,1009.54,40
2025-04-26,B001,5415.1,2090.32,2426.16,95
2025-04-26,B002,4365.4,1005.91,1861.83,70
2025-04-26,B003,4249.95,790.19,1887.63,67
2025-04-26,B004,5145.09,2012.69,1894.93,87
2025-04-26,B005,4290.84,1009.18,1690.37,68
2025-04-26,B006,3336.87,566.68,1266.31,50
2025-04-26,B008,3031.7,521.8,1407.64,47
2025-04-27,B001,5577.0,2256.94,2530.66,102
2025-04-27,B002,4680.97,1114.47,1939.86,80
2025-04-27,B003,3431.99,679.79,1490.74,60
2025-04-27,B004,5345.22,2148.15,2295.79,95
2025-04-27,B005,4366.71,990.89,1860.0,67
2025-04-27,B006,3124.91,590.96,1198.55,55
2025-04-27,B008,2533.28,393.99,1178.19,37
2025-04-28,B001,5059.17,2046.92,2042.05,105
2025-04-28,B002,4053.02,1063.23,1620.89,65
2025-04-28,B003,3704.58,673.68,1475.26,55
2025-04-28,B004,4861.02,2262.26,2118.75,88
2025-04-28,B005,3662.1,865.81,1556.62,57
2025-04-28,B006,2902.25,492.83,1065.21,43
2025-04-28,B008,2541.18,390.79,1050.0,39
2025-04-29,B001,5919.86,2280.52,2374.63,106
2025-04-29,B002,4450.39,1109.83,1967.22,81
2025-04-29,B003,3965.77,685.18,1568.69,59
2025-04-29,B004,4596.43,2091.19,1947.26,86
2025-04-29,B005,3709.92,832.64,1641.1,63
2025-04-29,B006,3240.06,559.26,1182.31,55
2025-04-29,B008,2682.02,397.63,1077.87,39
2025-04-30,B001,5063.66,2047.41,2235.45,102
2025-04-30,B002,4401.43,1066.32,1658.29,76
2025-04-30,B003,3909.43,697.9,1826.09,65
2025-04-30,B004,4726.67,2132.88,2068.05,96
2025-04-30,B005,4296.25,1035.87,1738.07,66
2025-04-30,B006,2895.22,481.22,1399.12,42
2025-04-30,B008,2682.59,414.79,1219.32,45
2025-05-01,B001,5905.8,2342.73,2255.83,115
2025-05-01,B002,4592.83,1043.9,2176.77,80
2025-05-01,B003,4035.17,703.41,1974.44,62
2025-05-01,B004,5546.14,2124.31,2493.92,106
2025-05-01,B005,4109.95,910.52,1733.05,73
2025-05-01,B006,3177.88,574.61,1268.44,49
2025-05-01,B008,2932.76,457.12,1286.7,50
2025-05-02,B001,5241.24,1863.6,2376.58,105
2025-05-02,B002,3470.3,800.31,1338.92,62
2025-05-02,B003,3182.46,608.86,1229.12,49
2025-05-02,B004,4358.86,1677.43,1850.45,87
2025-05-02,B005,3899.23,827.8,1405.11,62
2025-05-02,B006,2780.93,522.02,1243.0,48
2025-05-02,B008,2191.54,357.54,995.1,38
2025-05-03,B001,5481.19,2006.32,2677.71,106
2025-05-03,B002,4411.5,1015.99,1688.33,81
2025-05-03,B003,3748.85,755.47,1501.98,58
2025-05-03,B004,4697.94,2134.37,1719.28,86
2025-05-03,B005,4401.63,904.8,1789.17,73
2025-05-03,B006,3107.87,587.94,1156.39,47
2025-05-03,B008,2648.66,423.24,1284.86,44
2025-05-04,B001,5206.27,2185.96,2415.64,97
2025-05-04,B002,4521.35,1044.19,2036.88,83
2025-05-04,B003,4173.91,743.98,1728.35,65
2025-05-04,B004,5238.87,2337.92,2009.44,105
2025-05-04,B005,4000.05,798.65,1795.95,60
2025-05-04,B006,3259.97,535.71,1563.65,56
2025-05-04,B008,2694.23,401.98,1061.55,44
2025-05-05,B001,5604.0,2266.47,2576.6,105
2025-05-05,B002,4173.9,1145.15,1866.07,74
2025-05-05,B003,3787.39,749.14,1410.36,59
2025-05-05,B004,4797.59,1984.38,2148.93,94
2025-05-05,B005,4312.88,957.53,2106.46,79
2025-05-05,B006,3059.52,505.38,1439.05,45
2025-05-05,B008,2941.8,441.43,1247.07,48
2025-05-06,B001,6119.19,2148.37,2380.07,108
2025-05-06,B002,4160.75,985.64,1746.19,65
2025-05-06,B003,3710.96,755.39,1551.62,66
2025-05-06,B004,4940.87,2192.54,1844.64,98
2025-05-06,B005,4163.13,826.27,1547.92,66
2025-05-06,B006,3030.81,515.28,1291.38,51
2025-05-06,B008,2767.93,488.8,1127.2,49
2025-05-07,B001,5151.18,1983.02,2229.53,94
2025-05-07,B002,4147.19,1069.59,1878.96,77
2025-05-07,B003,4019.27,725.34,1625.3,60
2025-05-07,B004,5534.84,2260.88,2368.13,101
2025-05-07,B005,3718.9,763.47,1406.71,58
2025-05-07,B006,3106.91,508.16,1365.21,52
2025-05-07,B008,2947.47,470.29,1236.21,44
2025-05-08,B001,6041.24,2149.47,2500.35,101
2025-05-08,B002,4639.12,1180.45,2135.75,79
2025-05-08,B003,4006.57,830.4,1512.49,65
2025-05-08,B004,5383.09,2076.14,2592.44,94
2025-05-08,B005,4186.54,920.49,2008.5,74
2025-05-08,B006,3086.19,568.41,1162.54,51
2025-05-08,B008,2841.0,495.75,1208.94,46
2025-05-09,B001,5102.68,2172.65,2342.68,103
2025-05-09,B002,3954.27,1083.37,1656.32,74
2025-05-09,B003,3252.34,643.24,1487.28,55
2025-05-09,B004,4452.84,2069.69,2015.1,81
2025-05-09,B005,3686.09,762.41,1626.09,63
2025-05-09,B006,2494.1,454.49,1216.06,39
2025-05-09,B008,2596.65,423.02,1169.17,42
2025-05-10,B001,5259.17,1978.69,2221.73,96
2025-05-10,B002,4516.59,1110.57,2065.09,71
2025-05-10,B003,3725.29,757.02,1732.56,60
2025-05-10,B004,4805.68,1896.58,2148.78,97
2025-05-10,B005,4459.59,914.93,1771.62,77
2025-05-10,B006,3244.5,593.21,1292.51,49
2025-05-10,B008,2526.04,435.44,943.03,37
2025-05-11,B001,5555.82,2339.84,2536.31,105
2025-05-11,B002,3921.18,1036.68,1818.83,70
2025-05-11,B003,3853.54,794.42,1581.42,57
2025-05-11,B004,5525.43,2267.92,2385.75,118
2025-05-11,B005,3816.38,857.53,1761.34,58
2025-05-11,B006,3092.78,588.56,1396.71,48
2025-05-11,B008,2834.26,465.4,1242.65,42
2025-05-12,B001,6000.92,2228.3,2298.74,107
2025-05-12,B002,3972.6,929.19,1695.51,68
2025-05-12,B003,3717.11,715.67,1401.01,59
2025-05-12,B004,4789.26,1973.96,2165.99,99
2025-05-12,B005,3774.85,800.13,1383.9,57
2025-05-12,B006,2987.67,543.38,1266.09,47
2025-05-12,B008,2602.27,446.18,1044.35,44
2025-05-13,B001,5211.92,1837.45,2218.55,97
2025-05-13,B002,4280.35,984.16,1664.01,76
2025-05-13,B003,3663.66,679.42,1422.96,56
2025-05-13,B004,4834.85,2315.59,2258.26,88
2025-05-13,B005,3610.78,818.89,1509.08,55
2025-05-13,B006,2988.09,539.37,1448.2,46
2025-05-13,B008,2571.78,451.41,1241.78,42
2025-05-14,B001,5531.88,2048.85,2646.86,96
2025-05-14,B002,4024.07,1067.69,1681.75,76
2025-05-14,B003,4111.32,737.67,1754.74,60
2025-05-14,B004,4495.77,2134.19,1932.9,100
2025-05-14,B005,3653.58,828.82,1682.71,56
2025-05-14,B006,2917.61,476.91,1254.3,44
2025-05-14,B008,2930.25,501.62,1301.18,42
2025-05-15,B001,6032.45,2169.25,2531.82,115
2025-05-15,B002,4054.92,924.94,1878.43,66
2025-05-15,B003,4012.73,725.0,1579.51,66
2025-05-15,B004,5326.01,2247.79,1929.06,99
2025-05-15,B005,4191.83,945.68,1846.02,66
2025-05-15,B006,3079.46,564.1,1137.67,45
2025-05-15,B008,2560.76,439.29,1022.19,45
2025-05-16,B001,5030.24,1929.22,2069.27,91
2025-05-16,B002,3647.58,918.01,1377.8,63
2025-05-16,B003,3507.79,673.98,1700.64,61
2025-05-16,B004,4395.61,2067.38,2036.72,83
2025-05-16,B005,3393.37,811.26,1465.79,56
2025-05-16,B006,2413.95,386.85,1056.26,38
2025-05-16,B008,2592.99,406.85,1185.72,37
2025-05-17,B001,5473.69,2087.56,2430.16,102
2025-05-17,B002,4087.23,965.38,1914.94,73
2025-05-17,B003,3632.5,731.76,1710.16,55
2025-05-17,B004,5416.15,2592.67,2274.59,107
2025-05-17,B005,4063.75,817.87,1514.83,63
2025-05-17,B006,3047.39,520.73,1147.86,47
2025-05-17,B008,2565.07,426.88,1223.58,42
2025-05-18,B001,5307.64,2117.83,2121.66,99
2025-05-18,B002,4243.89,1032.37,1702.32,72
2025-05-18,B003,3415.88,619.43,1328.09,52
2025-05-18,B004,4780.51,2211.86,1804.45,90
2025-05-18,B005,4323.34,942.15,1758.03,74
2025-05-18,B006,2978.9,493.9,1307.32,44
2025-05-18,B008,2907.12,441.85,1250.12,48
2025-05-19,B001,5965.85,2107.3,2206.18,122
2025-05-19,B002,4247.55,964.16,1850.43,72
2025-05-19,B003,3779.85,776.39,1631.79,61
2025-05-19,B004,5459.03,2324.7,2515.39,108
2025-05-19,B005,3753.21,868.05,1708.91,65
2025-05-19,B006,2898.11,512.43,1192.81,46
2025-05-19,B008,2747.62,476.51,1277.23,43
2025-05-20,B001,5027.03,1961.1,2101.34,101
2025-05-20,B002,4504.78,1162.33,2188.45,73
2025-05-20,B003,3760.5,697.1,1460.75,60
2025-05-20,B004,4558.41,1895.82,1666.4,93
2025-05-20,B005,4356.48,930.54,1834.33,72
2025-05-20,B006,2616.79,504.14,1052.29,40
2025-05-20,B008,2671.75,461.84,1251.8,45
2025-05-21,B001,5545.88,2003.52,2467.79,105
2025-05-21,B002,4227.23,1128.68,1805.73,74
2025-05-21,B003,4057.72,775.31,1646.93,61
2025-05-21,B004,4940.17,2108.57,2166.5,95
2025-05-21,B005,3759.92,772.12,1391.25,59
2025-05-21,B006,2771.35,460.49,1128.18,42
2025-05-21,B008,2494.13,385.79,1160.9,37
2025-05-22,B001,5585.71,2162.01,2163.86,113
2025-05-22,B002,4696.33,1064.05,1717.02,77
2025-05-22,B003,3622.43,707.08,1322.53,58
2025-05-22,B004,4762.14,1929.98,1825.83,82
2025-05-22,B005,4235.8,941.38,1535.14,67
2025-05-22,B006,3146.71,532.8,1167.89,50
2025-05-22,B008,3031.91,527.62,1158.72,45
2025-05-23,B001,4740.96,1966.67,2212.41,97
2025-05-23,B002,3804.93,906.85,1727.99,66
2025-05-23,B003,3258.76,631.46,1270.51,54
2025-05-23,B004,4088.31,1635.31,1928.65,77
2025-05-23,B005,3505.64,717.55,1305.91,57
2025-05-23,B006,2654.41,428.3,1226.08,42
2025-05-23,B008,2176.83,353.2,820.54,33
2025-05-24,B001,5809.46,2463.58,2676.61,108
2025-05-24,B002,4355.06,1060.68,1592.41,73
2025-05-24,B003,3650.48,735.74,1688.86,61
2025-05-24,B004,5138.09,2325.58,2358.39,97
2025-05-24,B005,3870.88,789.78,1633.62,67
2025-05-24,B006,3261.95,552.3,1546.1,53
2025-05-24,B008,2595.0,438.97,1200.51,40
2025-05-25,B001,5112.7,1777.01,2275.62,89
2025-05-25,B002,4013.79,975.96,1525.73,65
2025-05-25,B003,3519.49,716.2,1460.81,59
2025-05-25,B004,4652.11,2077.1,2131.35,93
2025-05-25,B005,4222.36,923.69,1723.26,69
2025-05-25,B006,2778.22,472.53,1124.53,42
2025-05-25,B008,2773.3,481.56,1236.08,42
2025-05-26,B001,5243.66,2130.65,1998.01,106
2025-05-26,B002,4084.94,988.45,1762.96,66
2025-05-26,B003,3934.3,701.46,1909.69,70
2025-05-26,B004,4634.9,1829.18,2226.43,89
2025-05-26,B005,3677.65,763.89,1362.22,67
2025-05-26,B006,2797.94,539.4,1230.58,45
2025-05-26,B008,2776.96,460.28,1341.11,41
2025-05-27,B001,5533.86,2122.98,2137.3,100
2025-05-27,B002,4426.77,1059.73,1612.98,73
2025-05-27,B003,3778.82,683.29,1443.63,67
2025-05-27,B004,4827.02,1840.26,1836.53,81
2025-05-27,B005,4231.39,902.36,1740.66,68
2025-05-27,B006,2892.38,533.34,1067.06,51
2025-05-27,B008,2531.86,437.67,1212.64,41
2025-05-28,B001,5935.93,2195.34,2604.85,118
2025-05-28,B002,4476.16,1135.86,1763.36,77
2025-05-28,B003,3484.26,610.31,1387.62,50
2025-05-28,B004,5054.49,2399.65,2395.3,94
2025-05-28,B005,4015.49,915.08,1949.87,66
2025-05-28,B006,3033.5,561.46,1471.13,49
2025-05-28,B008,2639.69,436.67,959.67,45
2025-05-29,B001,5043.89,2020.26,2467.7,92
2025-05-29,B002,4094.0,986.06,1982.35,68
2025-05-29,B003,3463.56,701.89,1358.66,62
2025-05-29,B004,5173.48,2383.59,1913.59,93
2025-05-29,B005,4141.07,883.17,1972.23,71
2025-05-29,B006,3265.07,596.15,1561.65,52
2025-05-29,B008,2588.56,439.97,1225.57,44
2025-05-30,B001,4496.32,1652.8,1980.26,90
2025-05-30,B002,3290.14,892.84,1473.51,55
2025-05-30,B003,3327.43,665.96,1432.1,60
2025-05-30,B004,4271.24,1881.44,1811.03,75
2025-05-30,B005,3728.46,878.11,1580.14,56
2025-05-30,B006,2776.03,469.75,1079.52,43
2025-05-30,B008,2117.17,364.0,893.83,33
2025-05-31,B001,5597.82,2125.85,2514.68,112
2025-05-31,B002,4660.29,1211.64,1956.43,76
2025-05-31,B003,3525.48,634.85,1535.45,58
2025-05-31,B004,5304.79,2150.63,2288.03,107
2025-05-31,B005,4092.27,918.2,1667.89,68
2025-05-31,B006,2817.35,516.07,1150.61,42
2025-05-31,B008,2666.41,408.43,1005.36,41
2025-06-01,B001,5175.75,1838.17,2044.9,101
2025-06-01,B002,4083.81,996.74,1547.6,62
2025-06-01,B003,3427.62,691.25,1312.64,56
2025-06-01,B004,5260.0,2438.74,2247.13,99
2025-06-01,B005,4225.93,891.7,1830.16,68
2025-06-01,B006,2815.42,514.76,1035.52,42
2025-06-01,B008,2636.18,439.55,1103.19,43
2025-06-02,B001,5167.41,2036.6,2486.25,103
2025-06-02,B002,3777.75,873.96,1785.96,57
2025-06-02,B003,3485.49,673.52,1548.91,60
2025-06-02,B004,5224.92,2165.82,2338.23,100
2025-06-02,B005,4097.23,968.72,1677.98,72
2025-06-02,B006,2992.6,493.15,1142.53,44
2025-06-02,B008,2560.14,426.98,1111.9,38
2025-06-03,B001,4976.05,1792.78,1939.01,95
2025-06-03,B002,3978.1,948.7,1765.5,70
2025-06-03,B003,3632.56,740.27,1479.22,58
2025-06-03,B004,5381.83,2261.42,2066.11,115
2025-06-03,B005,4119.9,933.12,1986.85,65
2025-06-03,B006,2666.9,441.4,995.8,46
2025-06-03,B008,2850.26,468.18,1035.86,46
2025-06-04,B001,5753.49,2035.49,2267.56,114
2025-06-04,B002,4171.35,1124.49,1669.45,76
2025-06-04,B003,3536.94,690.0,1333.66,53
2025-06-04,B004,4379.46,1947.87,2066.44,89
2025-06-04,B005,3874.8,930.73,1667.23,68
2025-06-04,B006,2812.16,540.71,1267.41,49
2025-06-04,B008,2693.08,449.13,1192.12,42
2025-06-05,B001,5511.56,2210.42,2206.03,108
2025-06-05,B002,4251.37,1128.41,1774.7,75
2025-06-05,B003,3692.52,677.18,1329.35,55
2025-06-05,B004,5493.03,2271.04,2312.54,117
2025-06-05,B005,4391.37,1049.37,1853.24,82
2025-06-05,B006,2969.91,503.79,1158.44,53
2025-06-05,B008,2690.69,430.84,1164.73,43
2025-06-06,B001,4298.81,1761.17,1765.37,84
2025-06-06,B002,3449.34,848.97,1349.18,55
2025-06-06,B003,3493.81,704.85,1568.73,60
2025-06-06,B004,4408.94,2025.8,1823.88,81
2025-06-06,B005,3281.16,690.9,1452.88,52
2025-06-06,B006,2407.61,434.72,925.52,43
2025-06-06,B008,2116.65,346.81,813.16,36
2025-06-07,B001,5198.25,2119.53,2362.73,105
2025-06-07,B002,3965.42,990.08,1603.81,70
2025-06-07,B003,4017.35,838.91,1688.41,62
2025-06-07,B004,4784.37,2215.34,2314.26,105
2025-06-07,B005,4398.23,885.92,1852.18,76
2025-06-07,B006,3164.41,592.07,1479.91,55
2025-06-07,B008,2915.47,452.59,1341.87,46
2025-06-08,B001,5719.95,2000.34,2401.85,99
2025-06-08,B002,4032.48,1107.24,1699.56,67
2025-06-08,B003,3577.55,658.6,1580.53,64
2025-06-08,B004,5291.06,2278.46,2079.02,99
2025-06-08,B005,3656.85,864.26,1727.04,65
2025-06-08,B006,2639.03,477.41,1061.38,45
2025-06-08,B008,2547.66,385.68,1178.52,44
2025-06-09,B001,4730.92,1957.78,1995.43,89
2025-06-09,B002,4050.88,930.92,1541.36,74
2025-06-09,B003,3731.85,769.94,1827.14,59
2025-06-09,B004,4395.27,1946.56,1983.03,81
2025-06-09,B005,3680.63,766.19,1794.74,57
2025-06-09,B006,2989.82,558.22,1246.86,51
2025-06-09,B008,2748.45,435.66,1037.58,40
2025-06-10,B001,5301.47,2033.16,2111.65,95
2025-06-10,B002,3881.3,910.26,1572.69,62
2025-06-10,B003,3488.97,706.94,1670.8,56
2025-06-10,B004,4549.09,1799.43,1812.53,90
2025-06-10,B005,3900.2,774.17,1727.57,65
2025-06-10,B006,2722.13,437.44,1283.18,40
2025-06-10,B008,2483.9,421.08,1106.77,39
2025-06-11,B001,5164.68,2019.25,2193.35,96
2025-06-11,B002,4204.88,1014.19,1864.1,77
2025-06-11,B003,3752.92,656.61,1758.53,65
2025-06-11,B004,5328.32,2131.18,2254.4,110
2025-06-11,B005,3942.67,922.93,1756.57,65
2025-06-11,B006,2998.97,505.08,1222.46,46
2025-06-11,B008,2380.5,418.89,921.58,38
2025-06-12,B001,6081.39,2149.85,2822.57,123
2025-06-12,B002,4216.22,1148.09,1745.83,75
2025-06-12,B003,3951.06,799.44,1558.91,71
2025-06-12,B004,4676.53,1915.59,2257.82,81
2025-06-12,B005,3728.31,854.65,1599.88,66
2025-06-12,B006,3011.65,506.51,1329.02,51
2025-06-12,B008,2878.95,461.29,1075.91,44
2025-06-13,B001,4527.19,1744.47,2021.31,78
2025-06-13,B002,3389.95,794.0,1397.34,59
2025-06-13,B003,2971.06,620.47,1240.69,50
2025-06-13,B004,3971.23,1899.81,1597.25,82
2025-06-13,B005,3646.67,789.67,1656.91,59
2025-06-13,B006,2567.1,428.82,1179.69,37
2025-06-13,B008,2172.85,384.47,908.63,35
2025-06-14,B001,5563.35,2402.92,2433.68,107
2025-06-14,B002,4688.76,1126.1,1871.02,84
2025-06-14,B003,4155.06,720.37,1939.8,63
2025-06-14,B004,4795.05,2080.32,2073.01,85
2025-06-14,B005,3859.46,772.0,1567.85,68
2025-06-14,B006,2883.5,516.74,1125.4,43
2025-06-14,B008,2514.62,401.74,1205.32,38
2025-06-15,B001,5406.51,2241.92,2067.87,97
2025-06-15,B002,4208.61,1068.24,2011.7,70
2025-06-15,B003,3501.31,696.44,1522.78,62
2025-06-15,B004,4328.24,1971.99,1753.94,80
2025-06-15,B005,3803.59,895.64,1799.37,67
2025-06-15,B006,2930.82,527.19,1059.45,44
2025-06-15,B008,2574.75,404.0,940.69,40
2025-06-16,B001,4896.22,1905.1,1903.18,102
2025-06-16,B002,4269.69,1044.65,1784.43,70
2025-06-16,B003,3703.72,668.44,1472.86,60
2025-06-16,B004,4607.84,1791.6,2001.13,96
2025-06-16,B005,3891.94,786.16,1655.0,60
2025-06-16,B006,2665.94,438.45,1153.57,42
2025-06-16,B008,2722.0,418.26,1197.89,40
2025-06-17,B001,5126.94,1808.95,2363.42,97
2025-06-17,B002,4475.92,1028.62,2002.2,76
2025-06-17,B003,3573.75,657.6,1562.46,64
2025-06-17,B004,4486.76,2144.64,1974.66,81
2025-06-17,B005,3914.01,800.53,1431.88,60
2025-06-17,B006,2685.13,462.63,1231.15,40
2025-06-17,B008,2443.28,365.16,1180.99,35
2025-06-18,B001,5530.83,2307.0,2000.97,102
2025-06-18,B002,3747.47,927.53,1360.17,67
2025-06-18,B003,3723.05,669.5,1593.56,63
2025-06-18,B004,4733.57,2136.99,1791.06,89
2025-06-18,B005,3520.61,785.37,1571.1,65
2025-06-18,B006,2672.45,452.55,1236.26,41
2025-06-18,B008,2372.26,397.35,856.58,38
2025-06-19,B001,5096.53,2140.53,2272.1,91
2025-06-19,B002,3752.08,1007.98,1667.51,68
2025-06-19,B003,3659.88,761.34,1364.95,62
2025-06-19,B004,5369.96,2318.05,2063.32,104
2025-06-19,B005,3965.12,943.9,1438.52,70
2025-06-19,B006,2985.92,510.5,1227.64,51
2025-06-19,B008,2644.46,418.68,1166.95,44
2025-06-20,B001,5056.85,1967.1,2354.2,92
2025-06-20,B002,3771.44,1017.65,1757.23,72
2025-06-20,B003,3273.19,597.53,1242.9,48
2025-06-20,B004,4494.81,1749.84,1841.46,77
2025-06-20,B005,3493.25,785.67,1360.85,61
2025-06-20,B006,2293.2,441.01,1096.76,38
2025-06-20,B008,2334.29,359.43,882.4,36
2025-06-21,B001,5646.27,2376.78,2259.47,104
2025-06-21,B002,4286.53,994.58,2098.0,65
2025-06-21,B003,3480.97,718.46,1668.17,59
2025-06-21,B004,4905.49,2324.76,1841.47,102
2025-06-21,B005,4324.24,991.62,1987.02,66
2025-06-21,B006,2905.23,504.14,1213.2,42
2025-06-21,B008,2892.91,509.33,1144.42,43
2025-06-22,B001,4917.56,1780.99,2257.74,88
2025-06-22,B002,3840.42,973.01,1497.83,69
2025-06-22,B003,3800.2,704.53,1708.03,61
2025-06-22,B004,4774.2,2095.41,2160.63,95
2025-06-22,B005,4166.97,913.17,1574.6,74
2025-06-22,B006,2548.24,472.25,922.34,43
2025-06-22,B008,2543.73,432.89,1242.54,38
2025-06-23,B001,4648.67,1984.08,2269.16,83
2025-06-23,B002,4055.08,978.51,1701.03,72
2025-06-23,B003,3624.18,630.9,1651.15,59
2025-06-23,B004,4586.62,2016.18,2093.89,87
2025-06-23,B005,3855.76,909.28,1782.52,64
2025-06-23,B006,2776.28,520.37,1014.77,40
2025-06-23,B008,2619.41,418.16,1193.33,41
2025-06-24,B001,5198.29,2080.73,1904.7,103
2025-06-24,B002,3979.57,956.31,1860.81,67
2025-06-24,B003,3571.1,694.92,1310.92,57
2025-06-24,B004,4352.81,2009.41,1822.61,82
2025-06-24,B005,3548.22,821.66,1709.96,57
2025-06-24,B006,2626.89,456.04,1099.66,45
2025-06-24,B008,2632.23,445.55,1016.7,42
2025-06-25,B001,4898.74,1987.21,2341.26,87
2025-06-25,B002,4265.95,987.38,1599.06,72
2025-06-25,B003,3533.96,676.19,1448.68,54
2025-06-25,B004,4654.94,2206.59,1904.93,95
2025-06-25,B005,4028.79,956.55,1746.54,65
2025-06-25,B006,2598.83,490.79,996.01,40
2025-06-25,B008,2568.19,403.33,1181.17,41
2025-06-26,B001,5691.35,2029.57,2146.23,112
2025-06-26,B002,4328.47,1029.21,1816.33,67
2025-06-26,B003,3868.05,668.44,1836.36,65
2025-06-26,B004,5075.4,2163.12,2097.76,108
2025-06-26,B005,4148.46,865.68,1788.63,66
2025-06-26,B006,2940.26,550.93,1077.19,51
2025-06-26,B008,2814.7,419.18,1325.72,42
2025-06-27,B001,4954.3,1841.44,2376.33,102
2025-06-27,B002,3522.37,824.65,1575.81,57
2025-06-27,B003,3306.04,641.15,1528.55,57
2025-06-27,B004,4148.08,1810.01,1995.61,88
2025-06-27,B005,3285.59,702.82,1344.67,59
2025-06-27,B006,2440.33,434.74,971.42,42
2025-06-27,B008,2383.65,371.85,1021.43,37
2025-06-28,B001,5583.56,2225.83,2089.42,101
2025-06-28,B002,4199.27,1154.14,1775.77,70
2025-06-28,B003,4036.49,841.14,1603.84,64
2025-06-28,B004,4777.6,2059.45,2337.94,95
2025-06-28,B005,3716.54,825.82,1589.05,60
2025-06-28,B006,2949.77,489.46,1295.61,44
2025-06-28,B008,2989.32,442.09,1085.48,45
2025-06-29,B001,4696.26,1970.72,2178.8,81
2025-06-29,B002,3967.58,959.14,1717.38,65
2025-06-29,B003,3297.13,592.6,1307.68,49
2025-06-29,B004,4586.71,1968.74,1844.36,99
2025-06-29,B005,4029.89,857.38,1830.26,64
2025-06-29,B006,2570.72,426.21,1035.92,42
2025-06-29,B008,2646.88,464.61,1227.21,41
2025-06-30,B001,5131.87,2052.59,2442.61,96
2025-06-30,B002,3830.07,1012.53,1584.94,62
2025-06-30,B003,3883.66,711.64,1764.13,65
2025-06-30,B004,4897.64,1961.77,2199.6,87
2025-06-30,B005,4180.92,891.68,2032.13,72
2025-06-30,B006,2511.16,484.05,1108.54,38
2025-06-30,B008,2628.22,419.08,1149.52,38
2025-07-01,B001,5378.03,2188.09,2155.97,114
2025-07-01,B002,3933.59,982.82,1537.61,67
2025-07-01,B003,3973.72,716.33,1586.71,69
2025-07-01,B004,4937.98,2253.26,2363.99,98
2025-07-01,B005,3491.75,763.89,1484.02,62
2025-07-01,B006,3024.25,557.2,1294.6,46
2025-07-01,B008,2373.96,413.45,1108.35,34
2025-07-02,B001,5487.04,1963.58,2492.18,102
2025-07-02,B002,4165.06,1045.92,1501.65,64
2025-07-02,B003,3734.43,724.13,1386.67,61
2025-07-02,B004,4319.59,1859.97,1925.1,87
2025-07-02,B005,3937.57,832.87,1874.2,67
2025-07-02,B006,2647.75,447.73,1063.04,42
2025-07-02,B008,2403.23,365.93,950.65,42
2025-07-03,B001,5510.55,2149.69,2131.78,107
2025-07-03,B002,4060.16,943.3,1833.43,71
2025-07-03,B003,3605.75,631.44,1585.54,59
2025-07-03,B004,5010.99,1970.47,2110.61,91
2025-07-03,B005,3744.31,751.47,1555.54,65
2025-07-03,B006,2960.9,531.66,1387.78,45
2025-07-03,B008,2754.76,432.88,1284.45,41
2025-07-04,B001,4695.84,1839.78,2284.89,84
2025-07-04,B002,3538.18,820.35,1647.63,54
2025-07-04,B003,3154.5,595.78,1416.32,48
2025-07-04,B004,4225.41,1701.84,1644.08,74
2025-07-04,B005,3411.68,810.12,1402.1,55
2025-07-04,B006,2522.63,469.57,1197.52,41
2025-07-04,B008,2053.11,332.69,832.92,33
2025-07-05,B001,4934.54,2035.18,2164.18,102
2025-07-05,B002,3767.34,1002.42,1746.46,67
2025-07-05,B003,3820.43,768.6,1639.95,63
2025-07-05,B004,4806.95,2117.52,2072.92,85
2025-07-05,B005,3922.7,834.47,1827.23,63
2025-07-05,B006,3077.55,536.5,1422.91,48
2025-07-05,B008,2521.7,422.98,933.35,36
2025-07-06,B001,5240.85,2032.06,2290.15,99
2025-07-06,B002,3973.44,1058.17,1521.44,62
2025-07-06,B003,3324.94,586.68,1548.85,50
2025-07-06,B004,4624.97,1979.54,2061.91,98
2025-07-06,B005,4023.86,950.95,1921.08,65
2025-07-06,B006,2537.95,418.38,962.89,40
2025-07-06,B008,2506.42,413.95,966.07,38
2025-07-07,B001,4943.81,1952.75,2366.68,97
2025-07-07,B002,4341.27,1071.19,2117.39,76
2025-07-07,B003,3345.91,578.49,1633.59,54
2025-07-07,B004,4442.27,1815.51,1812.44,84
2025-07-07,B005,3464.72,790.94,1616.98,59
2025-07-07,B006,2959.72,558.63,1156.01,46
2025-07-07,B008,2523.01,396.89,1033.84,40
2025-07-08,B001,5143.2,2073.09,2169.06,105
2025-07-08,B002,3815.59,1036.28,1790.26,71
2025-07-08,B003,3924.31,771.83,1481.25,70
2025-07-08,B004,4205.34,1894.88,1780.0,84
2025-07-08,B005,4264.83,861.4,1891.41,71
2025-07-08,B006,2739.18,509.89,1201.34,45
2025-07-08,B008,2398.01,391.06,1035.38,38
2025-07-09,B001,5092.75,1844.88,2233.65,92
2025-07-09,B002,4289.09,1016.41,1823.83,73
2025-07-09,B003,3631.86,674.32,1769.33,57
2025-07-09,B004,5047.19,1976.77,2132.94,91
2025-07-09,B005,3521.64,808.22,1718.09,53
2025-07-09,B006,2941.48,515.66,1088.85,43
2025-07-09,B008,2351.03,380.77,1073.06,34
2025-07-10,B001,4852.53,1943.63,2250.37,96
2025-07-10,B002,3778.27,915.2,1742.57,64
2025-07-10,B003,3736.55,707.56,1701.61,61
2025-07-10,B004,5249.53,2406.36,2087.2,115
2025-07-10,B005,4271.36,983.65,1941.36,70
2025-07-10,B006,2640.03,463.54,1008.44,46
2025-07-10,B008,2897.08,498.94,1278.08,48
2025-07-11,B001,4138.73,1611.51,1948.05,82
2025-07-11,B002,3257.74,779.07,1536.1,61
2025-07-11,B003,2931.77,524.16,1280.98,51
2025-07-11,B004,4017.0,1845.32,1582.55,76
2025-07-11,B005,3313.05,770.19,1563.97,57
2025-07-11,B006,2263.58,373.03,1089.71,39
2025-07-11,B008,2217.52,394.57,1020.39,37
2025-07-12,B001,5224.3,2094.32,2023.95,94
2025-07-12,B002,3964.93,1019.6,1816.78,73
2025-07-12,B003,3479.63,650.04,1388.99,53
2025-07-12,B004,5132.76,2216.14,2101.22,95
2025-07-12,B005,3993.94,816.76,1889.68,73
2025-07-12,B006,3136.83,548.23,1405.94,45
2025-07-12,B008,2784.23,415.0,1334.49,42
2025-07-13,B001,5613.94,2150.25,2691.02,97
2025-07-13,B002,3857.94,919.97,1438.15,62
2025-07-13,B003,3462.61,694.15,1583.73,53
2025-07-13,B004,4887.45,1951.55,1973.86,89
2025-07-13,B005,3558.75,788.46,1592.41,55
2025-07-13,B006,2529.75,413.0,944.88,40
2025-07-13,B008,2420.07,378.17,931.97,42
2025-07-14,B001,4571.69,1955.99,2036.04,82
2025-07-14,B002,4280.75,1099.91,1935.11,79
2025-07-14,B003,3863.0,684.52,1720.32,57
2025-07-14,B004,4608.59,2192.99,2195.9,88
2025-07-14,B005,3621.13,789.76,1744.31,58
2025-07-14,B006,3022.12,511.01,1255.71,44
2025-07-14,B008,2696.77,424.65,1027.62,46
2025-07-15,B001,5435.05,2058.98,2191.66,112
2025-07-15,B002,4344.69,1035.53,1812.93,73
2025-07-15,B003,3854.42,749.65,1477.0,62
2025-07-15,B004,4279.54,1948.85,1662.13,82
2025-07-15,B005,4083.26,934.28,1524.8,75
2025-07-15,B006,2825.47,475.37,1180.95,41
2025-07-15,B008,2357.01,393.75,1134.37,36
2025-07-16,B001,4807.99,1953.95,2296.3,90
2025-07-16,B002,3883.28,1057.77,1645.69,68
2025-07-16,B003,3770.76,757.01,1742.47,61
2025-07-16,B004,4092.08,1941.65,1908.29,82
2025-07-16,B005,3789.15,903.46,1540.89,61
2025-07-16,B006,2698.38,488.09,1307.76,47
2025-07-16,B008,2528.64,447.37,936.76,41
2025-07-17,B001,5537.5,2224.85,2120.64,117
2025-07-17,B002,4048.77,950.4,1823.83,62
2025-07-17,B003,3809.9,706.33,1413.6,59
2025-07-17,B004,5227.34,2060.36,2013.06,94
2025-07-17,B005,4019.6,880.5,1479.97,66
2025-07-17,B006,2758.0,489.82,1291.99,44
2025-07-17,B008,2937.63,437.52,1078.95,43
2025-07-18,B001,4171.91,1487.95,1939.62,74
2025-07-18,B002,3407.55,882.45,1614.0,63
2025-07-18,B003,3133.61,645.81,1143.12,55
2025-07-18,B004,4253.45,1810.94,2038.86,91
2025-07-18,B005,3513.75,716.42,1343.63,63
2025-07-18,B006,2314.03,431.12,970.28,40
2025-07-18,B008,2254.06,388.82,842.62,36
2025-07-19,B001,5709.81,2084.96,2652.66,107
2025-07-19,B002,4256.79,1168.85,1907.86,76
2025-07-19,B003,4031.39,779.02,1523.27,61
2025-07-19,B004,5054.04,2299.25,2209.12,103
2025-07-19,B005,3684.04,752.78,1525.08,58
2025-07-19,B006,2900.89,506.02,1393.41,51
2025-07-19,B008,2402.64,416.64,1056.24,36
2025-07-20,B001,4597.58,1782.77,1658.92,93
2025-07-20,B002,3580.48,922.45,1701.8,62
2025-07-20,B003,3730.8,747.83,1678.88,65
2025-07-20,B004,4793.59,2065.25,1982.46,85
2025-07-20,B005,3927.97,785.69,1505.98,64
2025-07-20,B006,2989.4,540.22,1380.31,49
2025-07-20,B008,2296.4,355.57,861.78,36
2025-07-21,B001,4710.76,1776.22,2161.99,87
2025-07-21,B002,3660.78,965.22,1631.66,66
2025-07-21,B003,3293.68,663.14,1479.13,49
2025-07-21,B004,4745.07,1886.42,2121.61,99
2025-07-21,B005,3916.62,823.96,1631.3,66
2025-07-21,B006,2896.08,536.12,1058.9,44
2025-07-21,B008,2767.07,423.52,1278.7,43
2025-07-22,B001,4571.48,1937.81,2074.46,86
2025-07-22,B002,3826.28,899.62,1714.14,66
2025-07-22,B003,3754.24,691.54,1399.39,57
2025-07-22,B004,5048.85,2102.75,1962.42,97
2025-07-22,B005,3710.71,877.47,1405.77,57
2025-07-22,B006,2730.77,471.71,1031.5,41
2025-07-22,B008,2561.09,454.27,989.32,44
2025-07-23,B001,5410.75,1903.77,2043.88,92
2025-07-23,B002,3931.81,919.15,1591.07,60
2025-07-23,B003,3575.02,718.85,1583.52,57
2025-07-23,B004,4209.08,2004.19,1983.11,92
2025-07-23,B005,4041.07,885.2,1977.85,65
2025-07-23,B006,2947.33,498.63,1340.75,44
2025-07-23,B008,2406.9,379.29,1047.8,35
2025-07-24,B001,5483.09,1969.53,2382.85,113
2025-07-24,B002,4538.17,1032.06,1911.41,71
2025-07-24,B003,3325.74,637.23,1404.48,50
2025-07-24,B004,5165.9,2189.97,2021.24,98
2025-07-24,B005,3506.55,804.83,1695.38,63
2025-07-24,B006,2723.25,493.98,1012.49,44
2025-07-24,B008,2506.69,423.58,1181.98,38
2025-07-25,B001,4041.84,1556.1,1860.62,70
2025-07-25,B002,3332.73,882.05,1360.27,57
2025-07-25,B003,3151.3,641.91,1163.43,47
2025-07-25,B004,4079.87,1567.56,1694.65,80
2025-07-25,B005,3601.49,797.13,1668.51,56
2025-07-25,B006,2184.38,413.41,995.31,39
2025-07-25,B008,2403.24,404.0,1142.59,41
2025-07-26,B001,5079.64,2028.1,2070.07,103
2025-07-26,B002,4176.64,955.28,1888.74,74
2025-07-26,B003,4048.89,733.13,1517.37,65
2025-07-26,B004,5224.06,2280.11,2532.02,108
2025-07-26,B005,4140.85,860.74,1680.58,71
2025-07-26,B006,2966.67,501.71,1092.44,48
2025-07-26,B008,2608.27,426.71,980.59,39
2025-07-27,B001,5221.27,2045.35,2078.04,96
2025-07-27,B002,4058.2,1106.56,1887.64,64
2025-07-27,B003,3175.72,650.6,1332.29,57
2025-07-27,B004,5080.48,2073.53,2460.79,106
2025-07-27,B005,3562.59,812.32,1512.4,55
2025-07-27,B006,2734.92,494.24,1088.8,40
2025-07-27,B008,2559.34,388.38,1036.72,40
2025-07-28,B001,5260.39,1952.14,1936.79,90
2025-07-28,B002,3619.83,987.42,1606.51,63
2025-07-28,B003,3390.81,663.92,1364.53,54
2025-07-28,B004,4703.72,2177.2,1965.61,97
2025-07-28,B005,3440.62,798.34,1315.44,60
2025-07-28,B006,2686.07,516.58,1235.77,48
2025-07-28,B008,2440.82,394.09,931.48,35
2025-07-29,B001,5326.02,1973.69,2591.2,92
2025-07-29,B002,4013.76,1037.05,1525.04,72
2025-07-29,B003,3208.62,589.94,1207.86,54
2025-07-29,B004,4319.06,1877.58,1574.34,87
2025-07-29,B005,3647.72,780.95,1569.18,65
2025-07-29,B006,2588.89,493.45,1068.16,42
2025-07-29,B008,2334.0,376.99,937.4,41
2025-07-30,B001,5121.55,2208.63,2064.32,95
2025-07-30,B002,3899.15,934.15,1882.2,59
2025-07-30,B003,3599.95,640.1,1560.51,53
2025-07-30,B004,4512.58,2018.67,2053.74,81
2025-07-30,B005,3468.75,769.02,1387.68,59
2025-07-30,B006,2915.97,509.36,1084.81,51
2025-07-30,B008,2572.32,425.26,1000.32,37
2025-07-31,B001,5150.18,1796.48,2214.54,95
2025-07-31,B002,4246.14,975.36,1811.12,76
2025-07-31,B003,3502.7,680.58,1690.55,52
2025-07-31,B004,4785.22,1889.67,2253.81,93
2025-07-31,B005,3820.93,803.76,1550.06,57
2025-07-31,B006,3079.54,501.75,1400.03,49
2025-07-31,B008,2838.91,488.47,1128.53,42
2025-08-01,B001,4863.91,1859.65,2317.83,99
2025-08-01,B002,3531.18,810.9,1366.61,59
2025-08-01,B003,3260.5,679.48,1201.8,48
2025-08-01,B004,4391.46,1709.87,1814.68,76
2025-08-01,B005,3226.94,716.08,1459.65,50
2025-08-01,B006,2240.0,372.14,917.57,35
2025-08-01,B008,1983.51,342.66,929.27,33
2025-08-02,B001,5298.39,2043.79,1925.91,111
2025-08-02,B002,3769.81,1030.01,1765.97,65
2025-08-02,B003,3707.24,759.6,1535.65,60
2025-08-02,B004,5064.46,2046.03,1901.78,101
2025-08-02,B005,4333.0,871.94,1979.85,69
2025-08-02,B006,2834.16,535.19,1251.68,46
2025-08-02,B008,2727.89,412.95,1163.8,42
2025-08-03,B001,5478.07,1974.03,2013.77,105
2025-08-03,B002,4226.38,980.67,1611.22,74
2025-08-03,B003,3397.48,698.58,1380.32,58
2025-08-03,B004,4497.02,2125.43,1919.34,85
2025-08-03,B005,3544.67,717.4,1622.9,57
2025-08-03,B006,2891.04,541.86,1298.21,48
2025-08-03,B008,2577.78,434.42,960.11,40
2025-08-04,B001,5500.46,1914.34,2350.69,103
2025-08-04,B002,3882.1,939.72,1857.2,71
2025-08-04,B003,3280.09,591.87,1261.18,48
2025-08-04,B004,4601.72,2125.04,1971.08,90
2025-08-04,B005,3732.13,860.59,1398.86,63
2025-08-04,B006,2461.01,460.6,1181.39,40
2025-08-04,B008,2410.15,382.35,1123.65,35
2025-08-05,B001,5024.01,2070.14,2032.04,92
2025-08-05,B002,3457.31,919.4,1344.57,55
2025-08-05,B003,3268.05,590.33,1229.75,57
2025-08-05,B004,4157.36,1860.47,1920.39,89
2025-08-05,B005,3893.71,898.03,1423.26,71
2025-08-05,B006,2868.61,507.51,1054.8,50
2025-08-05,B008,2396.99,359.07,1070.94,35
2025-08-06,B001,5149.99,2194.76,1991.51,91
2025-08-06,B002,3640.29,883.21,1353.47,57
2025-08-06,B003,3743.93,774.94,1517.11,66
2025-08-06,B004,4524.67,2042.06,1771.12,87
2025-08-06,B005,3413.56,760.77,1235.09,60
2025-08-06,B006,2557.0,432.82,1220.24,40
2025-08-06,B008,2755.64,415.45,1068.7,43
2025-08-07,B001,5462.35,2061.73,2384.97,103
2025-08-07,B002,4436.63,1039.25,1801.83,76
2025-08-07,B003,3445.28,622.47,1290.84,50
2025-08-07,B004,4534.31,1774.69,1712.47,81
2025-08-07,B005,4017.06,891.64,1467.35,69
2025-08-07,B006,2613.9,442.6,1145.02,43
2025-08-07,B008,2839.23,457.39,1226.58,47
2025-08-08,B001,4800.97,1740.38,1771.8,82
2025-08-08,B002,3352.24,868.3,1284.94,51
2025-08-08,B003,3095.51,545.81,1290.67,48
2025-08-08,B004,3793.02,1496.23,1563.03,70
2025-08-08,B005,2963.75,705.39,1443.71,55
2025-08-08,B006,2617.3,447.91,1144.66,37
2025-08-08,B008,2005.51,347.2,911.06,33
2025-08-09,B001,5386.44,2133.05,2130.26,96
2025-08-09,B002,4138.12,1013.97,1745.7,68
2025-08-09,B003,3550.33,674.26,1406.84,54
2025-08-09,B004,4469.01,1807.98,1897.75,83
2025-08-09,B005,3628.41,735.12,1331.16,65
2025-08-09,B006,2870.8,552.24,1176.29,45
2025-08-09,B008,2397.03,399.1,892.95,42
2025-08-10,B001,5152.23,2124.8,2385.76,105
2025-08-10,B002,3975.43,991.92,1566.38,69
2025-08-10,B003,3720.47,714.96,1800.09,67
2025-08-10,B004,4388.16,2064.23,1798.58,91
2025-08-10,B005,3622.01,788.82,1319.39,59
2025-08-10,B006,2909.81,494.56,1314.62,46
2025-08-10,B008,2288.25,387.54,968.77,39
2025-08-11,B001,5107.39,2057.57,2293.72,95
2025-08-11,B002,3773.13,1011.09,1606.86,66
2025-08-11,B003,3419.38,710.58,1505.22,58
2025-08-11,B004,5075.68,2087.12,1845.82,107
2025-08-11,B005,3976.23,847.23,1815.02,73
2025-08-11,B006,2921.06,500.15,1088.55,48
2025-08-11,B008,2419.18,382.96,1078.86,40
2025-08-12,B001,5098.19,2023.64,2438.72,106
2025-08-12,B002,3716.82,899.22,1347.58,65
2025-08-12,B003,3404.76,693.91,1477.14,51
2025-08-12,B004,4300.86,1926.91,1877.06,76
2025-08-12,B005,3625.88,778.95,1575.19,56
2025-08-12,B006,2466.93,449.76,995.84,39
2025-08-12,B008,2620.81,413.96,1152.97,42
2025-08-13,B001,4913.43,1909.49,2310.07,87
2025-08-13,B002,4095.18,1031.14,1627.24,77
2025-08-13,B003,3822.7,714.59,1488.43,58
2025-08-13,B004,4097.28,1897.46,1525.48,84
2025-08-13,B005,3343.59,777.55,1410.28,59
2025-08-13,B006,2839.58,515.46,1133.67,43
2025-08-13,B008,2440.81,400.3,942.18,39
2025-08-14,B001,5315.81,2045.83,2441.27,107
2025-08-14,B002,3576.59,930.81,1688.69,60
2025-08-14,B003,3348.36,694.72,1528.48,55
2025-08-14,B004,5151.76,2224.44,2266.13,94
2025-08-14,B005,3784.67,841.52,1670.85,62
2025-08-14,B006,2749.16,453.29,1043.48,42
2025-08-14,B008,2474.96,398.06,993.51,36
2025-08-15,B001,4064.9,1478.54,1681.31,70
2025-08-15,B002,3505.94,834.2,1536.16,60
2025-08-15,B003,2837.29,509.02,1112.01,42
2025-08-15,B004,3969.43,1724.54,1654.05,75
2025-08-15,B005,2984.74,612.15,1127.44,51
2025-08-15,B006,2498.1,454.07,956.47,37
2025-08-15,B008,2378.67,386.21,862.48,35
2025-08-16,B001,4703.55,1870.72,2223.52,82
2025-08-16,B002,3931.15,956.09,1751.19,72
2025-08-16,B003,3889.54,772.73,1471.31,69
2025-08-16,B004,4815.81,2274.41,2060.47,89
2025-08-16,B005,4120.27,981.78,1618.18,64
2025-08-16,B006,2675.59,438.95,1243.8,44
2025-08-16,B008,2620.43,417.87,1198.29,44
2025-08-17,B001,4992.35,1791.32,1910.92,83
2025-08-17,B002,3818.59,908.19,1667.32,64
2025-08-17,B003,3323.77,687.96,1333.31,55
2025-08-17,B004,4571.5,2173.51,2168.38,83
2025-08-17,B005,3559.82,814.56,1661.64,66
2025-08-17,B006,2926.05,526.68,1373.46,45
2025-08-17,B008,2673.24,450.69,1236.49,45
2025-08-18,B001,5068.8,1888.63,2456.36,97
2025-08-18,B002,4125.21,954.51,1950.0,64
2025-08-18,B003,3334.68,685.38,1370.84,49
2025-08-18,B004,4450.73,1733.69,2078.28,89
2025-08-18,B005,3424.25,809.7,1640.44,56
2025-08-18,B006,2864.04,530.99,1182.33,51
2025-08-18,B008,2625.58,453.34,1266.23,42
2025-08-19,B001,4763.9,1996.13,2159.29,84
2025-08-19,B002,4014.13,1069.5,1809.58,69
2025-08-19,B003,3338.68,648.35,1554.98,51
2025-08-19,B004,4651.82,1785.02,1706.16,84
2025-08-19,B005,3739.84,868.04,1412.51,64
2025-08-19,B006,2763.48,470.66,1024.4,47
2025-08-19,B008,2443.07,432.89,1143.31,37
2025-08-20,B001,5232.19,2119.71,2422.73,103
2025-08-20,B002,3767.06,986.48,1483.8,62
2025-08-20,B003,3640.74,733.4,1404.69,60
2025-08-20,B004,4146.03,1933.79,2001.78,76
2025-08-20,B005,3422.45,818.01,1642.79,56
2025-08-20,B006,2714.61,516.16,1321.03,47
2025-08-20,B008,2584.76,395.07,1065.27,41
2025-08-21,B001,5022.72,1779.35,2048.41,84
2025-08-21,B002,3633.51,948.44,1513.61,57
2025-08-21,B003,3532.33,695.19,1326.06,55
2025-08-21,B004,4321.19,2009.04,1994.99,90
2025-08-21,B005,3869.61,788.92,1823.84,62
2025-08-21,B006,3077.92,521.11,1379.02,50
2025-08-21,B008,2536.56,385.98,1008.85,42
2025-08-22,B001,4339.36,1844.25,1770.69,80
2025-08-22,B002,3393.45,766.87,1280.41,58
2025-08-22,B003,3129.86,617.5,1416.99,48
2025-08-22,B004,4252.57,1722.65,1583.6,89
2025-08-22,B005,3154.85,657.03,1508.24,47
2025-08-22,B006,2526.66,485.62,1106.1,39
2025-08-22,B008,1980.69,307.75,872.6,32
2025-08-23,B001,5069.42,1915.33,2462.97,93
2025-08-23,B002,4066.33,968.31,1730.17,62
2025-08-23,B003,3893.12,690.13,1562.12,62
2025-08-23,B004,4494.17,1761.71,1643.7,92
2025-08-23,B005,4054.88,948.93,1853.96,62
2025-08-23,B006,2630.71,497.54,1156.67,40
2025-08-23,B008,2447.78,384.68,1165.26,40
2025-08-24,B001,5335.63,2198.58,2025.75,95
2025-08-24,B002,3881.97,1029.08,1424.37,72
2025-08-24,B003,3299.65,573.72,1299.5,50
2025-08-24,B004,4323.03,2069.81,2077.37,96
2025-08-24,B005,3538.41,808.64,1497.02,59
2025-08-24,B006,2826.17,533.54,1062.85,50
2025-08-24,B008,2659.59,407.45,1015.64,41
2025-08-25,B001,4594.45,1945.8,2003.81,87
2025-08-25,B002,4161.15,1045.71,1806.78,72
2025-08-25,B003,3120.6,625.02,1398.02,47
2025-08-25,B004,4049.24,1808.22,1816.02,81
2025-08-25,B005,3674.6,878.78,1722.68,67
2025-08-25,B006,2422.78,454.42,1079.93,39
2025-08-25,B008,2672.1,442.64,963.97,38
2025-08-26,B001,4941.38,2119.75,1987.61,91
2025-08-26,B002,3909.44,1068.44,1696.66,72
2025-08-26,B003,3111.3,608.91,1250.78,56
2025-08-26,B004,4009.92,1901.72,1642.39,82
2025-08-26,B005,3373.14,808.75,1593.87,62
2025-08-26,B006,2882.73,476.75,1329.9,48
2025-08-26,B008,2567.19,429.94,964.44,41
2025-08-27,B001,4767.67,1982.77,1908.56,88
2025-08-27,B002,3498.02,903.65,1637.65,59
2025-08-27,B003,3385.55,692.77,1428.49,54
2025-08-27,B004,4376.04,1987.37,2036.74,84
2025-08-27,B005,3624.03,784.07,1323.7,62
2025-08-27,B006,2667.08,446.42,1198.08,45
2025-08-27,B008,2441.52,407.07,1045.48,40
2025-08-28,B001,4928.67,2094.66,2080.34,103
2025-08-28,B002,3598.27,973.24,1689.03,61
2025-08-28,B003,3469.29,604.66,1283.46,61
2025-08-28,B004,4355.43,1834.74,1621.45,81
2025-08-28,B005,3892.7,813.73,1530.34,70
2025-08-28,B006,2803.02,459.09,1250.16,47
2025-08-28,B008,2393.29,381.87,887.5,35
2025-08-29,B001,4132.75,1638.5,1732.24,75
2025-08-29,B002,3456.4,823.88,1678.68,54
2025-08-29,B003,2855.74,511.63,1305.4,45
2025-08-29,B004,4387.22,1715.5,1884.17,92
2025-08-29,B005,3006.97,618.27,1269.02,47
2025-08-29,B006,2482.95,477.1,1088.14,40
2025-08-29,B008,2179.1,386.41,886.66,33
2025-08-30,B001,5344.36,2030.18,2134.25,108
2025-08-30,B002,3618.35,835.45,1310.08,55
2025-08-30,B003,3853.67,693.74,1712.27,60
2025-08-30,B004,4596.25,2027.08,2126.69,96
2025-08-30,B005,3655.98,796.81,1541.43,67
2025-08-30,B006,2608.19,430.45,1177.18,37
2025-08-30,B008,2507.42,435.77,1093.44,43
2025-08-31,B001,4880.26,2041.66,1789.2,105
2025-08-31,B002,3858.6,1006.12,1880.42,61
2025-08-31,B003,3576.86,693.78,1545.42,60
2025-08-31,B004,4506.49,1925.22,1968.59,85
2025-08-31,B005,3742.89,872.95,1584.84,60
2025-08-31,B006,2680.68,466.13,1075.12,47
2025-08-31,B008,2644.31,423.85,1114.66,42
2025-09-01,B001,5395.13,2027.34,2431.46,112
2025-09-01,B002,3674.76,862.82,1487.18,65
2025-09-01,B003,3190.9,655.75,1289.41,51
2025-09-01,B004,4768.14,2117.6,1797.83,97
2025-09-01,B005,3745.36,897.13,1753.96,60
2025-09-01,B006,2759.75,514.38,1280.44,41
2025-09-01,B008,2518.83,393.54,1152.12,38
2025-09-02,B001,4631.04,1682.9,2031.86,93
2025-09-02,B002,3651.56,1004.86,1458.71,67
2025-09-02,B003,3157.04,546.95,1498.07,52
2025-09-02,B004,4106.35,1894.82,1955.77,90
2025-09-02,B005,3340.06,723.28,1470.57,60
2025-09-02,B006,2527.45,425.83,1021.7,41
2025-09-02,B008,2200.35,383.62,868.64,38
2025-09-03,B001,5089.53,1986.04,2275.19,92
2025-09-03,B002,4120.21,1017.28,1728.13,65
2025-09-03,B003,3191.33,562.78,1402.19,48
2025-09-03,B004,4800.64,2213.05,1754.42,104
2025-09-03,B005,3694.7,870.5,1767.65,67
2025-09-03,B006,2549.34,444.94,1085.42,39
2025-09-03,B008,2238.17,374.36,903.1,38
2025-09-04,B001,5477.93,2101.59,2268.12,97
2025-09-04,B002,3689.69,980.17,1492.01,63
2025-09-04,B003,3272.38,608.22,1499.17,54
2025-09-04,B004,4954.49,1958.21,2268.94,95
2025-09-04,B005,3548.52,825.3,1468.18,60
2025-09-04,B006,2710.39,510.35,1255.72,45
2025-09-04,B008,2321.43,353.22,838.72,34
2025-09-05,B001,4818.86,1705.44,1932.0,80
2025-09-05,B002,3160.18,721.95,1449.56,51
2025-09-05,B003,3053.41,626.75,1122.18,48
2025-09-05,B004,4085.4,1815.78,1746.8,83
2025-09-05,B005,3124.85,710.31,1349.84,54
2025-09-05,B006,2419.64,460.27,873.56,41
2025-09-05,B008,2135.63,375.16,963.25,34
2025-09-06,B001,4782.96,1878.46,2212.05,87
2025-09-06,B002,4024.64,1085.4,1857.79,71
2025-09-06,B003,3356.42,615.3,1224.44,56
2025-09-06,B004,4810.11,2176.48,1810.43,85
2025-09-06,B005,3677.27,743.98,1587.6,59
2025-09-06,B006,2927.43,483.86,1064.49,43
2025-09-06,B008,2600.93,403.17,1198.1,39
2025-09-07,B001,5505.98,1960.24,2025.06,104
2025-09-07,B002,3898.34,946.38,1427.59,63
2025-09-07,B003,3176.42,581.89,1447.79,51
2025-09-07,B004,4829.11,2217.17,2359.36,94
2025-09-07,B005,3911.41,880.1,1679.28,63
2025-09-07,B006,2586.87,438.1,1195.19,39
2025-09-07,B008,2507.95,424.64,1072.29,42
2025-09-08,B001,4703.69,1862.87,2196.48,91
2025-09-08,B002,3444.98,898.01,1611.21,65
2025-09-08,B003,3076.1,629.8,1297.85,51
2025-09-08,B004,4370.61,1884.38,1907.64,84
2025-09-08,B005,3593.24,752.69,1526.58,60
2025-09-08,B006,2585.83,493.8,1095.46,38
2025-09-08,B008,2618.78,398.36,986.04,39
2025-09-09,B001,4474.04,1820.0,2112.76,93
2025-09-09,B002,3563.37,886.1,1628.62,55
2025-09-09,B003,3275.44,678.34,1435.32,55
2025-09-09,B004,4132.97,1800.47,1509.51,87
2025-09-09,B005,3484.1,839.36,1391.63,59
2025-09-09,B006,2830.92,466.26,1236.12,49
2025-09-09,B008,2601.37,454.44,1009.4,39
2025-09-10,B001,4996.34,1783.69,2025.14,85
2025-09-10,B002,3702.06,939.08,1605.03,58
2025-09-10,B003,3603.5,683.14,1634.56,57
2025-09-10,B004,4726.24,2027.74,1984.65,92
2025-09-10,B005,3553.98,836.64,1429.69,56
2025-09-10,B006,2741.4,475.57,1069.88,44
2025-09-10,B008,2425.64,428.93,1153.89,37
2025-09-11,B001,5115.63,2154.97,2311.94,97
2025-09-11,B002,4122.67,1073.78,1784.85,76
2025-09-11,B003,3619.68,649.44,1594.22,57
2025-09-11,B004,4232.24,1843.08,1627.81,83
2025-09-11,B005,4136.01,841.52,1992.33,72
2025-09-11,B006,2467.27,459.09,966.89,38
2025-09-11,B008,2731.65,440.08,1269.94,42
2025-09-12,B001,4337.26,1520.85,2047.43,88
2025-09-12,B002,3289.04,808.32,1551.62,58
2025-09-12,B003,2885.61,509.76,1076.08,49
2025-09-12,B004,3730.71,1511.01,1386.52,74
2025-09-12,B005,3175.69,652.62,1396.93,54
2025-09-12,B006,2134.08,345.69,876.45,35
2025-09-12,B008,2113.51,332.86,864.04,31
2025-09-13,B001,4784.49,1739.88,2190.23,87
2025-09-13,B002,3876.92,1018.65,1589.75,72
2025-09-13,B003,3233.79,611.84,1335.3,52
2025-09-13,B004,4664.42,1879.56,2216.53,93
2025-09-13,B005,4103.69,931.78,1608.73,67
2025-09-13,B006,2923.2,496.99,1206.92,51
2025-09-13,B008,2618.44,402.92,1272.11,42
2025-09-14,B001,5265.97,2178.51,2263.73,102
2025-09-14,B002,4088.04,1012.17,1472.23,69
2025-09-14,B003,3651.78,667.83,1776.12,65
2025-09-14,B004,4881.1,2083.39,2136.57,88
2025-09-14,B005,3563.74,759.72,1575.84,57
2025-09-14,B006,2683.11,433.49,1223.75,42
2025-09-14,B008,2341.0,373.69,880.19,40
2025-09-15,B001,5007.28,1853.13,2083.8,91
2025-09-15,B002,4143.44,998.49,1859.05,72
2025-09-15,B003,3215.81,642.25,1346.95,55
2025-09-15,B004,4971.5,2054.34,2086.9,93
2025-09-15,B005,3257.52,742.01,1446.46,61
2025-09-15,B006,2600.63,494.01,1163.65,43
2025-09-15,B008,2609.13,440.89,1197.91,41
2025-09-16,B001,5115.61,2055.93,1893.17,108
2025-09-16,B002,3990.35,1032.06,1785.25,70
2025-09-16,B003,3578.98,724.66,1454.98,63
2025-09-16,B004,4660.02,2088.33,1682.72,92
2025-09-16,B005,3954.59,858.71,1537.53,73
2025-09-16,B006,2496.38,475.9,1014.82,44
2025-09-16,B008,2498.04,391.84,1132.4,41
2025-09-17,B001,4917.15,1854.5,1949.64,84
2025-09-17,B002,3968.25,935.01,1529.73,62
2025-09-17,B003,3293.09,671.95,1429.14,54
2025-09-17,B004,4479.15,1990.55,1941.9,84
2025-09-17,B005,3732.61,750.91,1405.97,67
2025-09-17,B006,2509.44,448.68,977.77,40
2025-09-17,B008,2587.26,397.23,1159.45,36
2025-09-18,B001,5260.74,2060.85,2066.84,98
2025-09-18,B002,3812.33,1038.04,1690.11,60
2025-09-18,B003,3176.48,656.29,1322.15,47
2025-09-18,B004,4394.9,1962.07,1848.74,89
2025-09-18,B005,3915.42,924.73,1523.85,69
2025-09-18,B006,2706.36,473.0,976.11,46
2025-09-18,B008,2310.46,381.16,839.39,35
2025-09-19,B001,4726.65,1807.17,1747.34,93
2025-09-19,B002,3114.17,749.31,1374.53,57
2025-09-19,B003,2951.77,595.55,1290.01,47
2025-09-19,B004,3877.18,1568.45,1450.14,78
2025-09-19,B005,3138.9,630.05,1266.13,48
2025-09-19,B006,2509.72,466.06,1105.64,38
2025-09-19,B008,2186.02,361.1,811.28,38
2025-09-20,B001,4653.34,1735.41,2188.0,95
2025-09-20,B002,3562.31,966.5,1487.08,64
2025-09-20,B003,3672.11,642.36,1645.41,58
2025-09-20,B004,4503.69,1878.27,1677.43,82
2025-09-20,B005,3557.96,796.24,1586.01,66
2025-09-20,B006,2659.08,495.54,1261.45,42
2025-09-20,B008,2416.11,425.71,1115.71,39
2025-09-21,B001,4799.86,1741.45,1792.03,87
2025-09-21,B002,3398.08,899.27,1308.84,57
2025-09-21,B003,3517.62,639.15,1458.87,54
2025-09-21,B004,4506.82,1820.06,2089.42,94
2025-09-21,B005,3497.29,758.11,1695.37,55
2025-09-21,B006,2511.79,475.75,1157.47,44
2025-09-21,B008,2344.04,370.48,956.25,41
2025-09-22,B001,4905.75,1984.23,1802.62,93
2025-09-22,B002,3957.34,1061.34,1641.78,73
2025-09-22,B003,3154.36,648.17,1457.58,53
2025-09-22,B004,4566.14,2045.22,2226.68,87
2025-09-22,B005,3493.3,778.59,1694.94,56
2025-09-22,B006,2620.45,433.31,1098.12,39
2025-09-22,B008,2220.85,342.8,800.57,37
2025-09-23,B001,4577.14,1829.4,1789.99,82
2025-09-23,B002,4130.32,998.02,1884.3,74
2025-09-23,B003,3135.15,653.74,1276.53,56
2025-09-23,B004,4163.15,1631.31,1656.0,84
2025-09-23,B005,3652.55,843.71,1335.77,68
2025-09-23,B006,2501.56,414.62,1188.49,38
2025-09-23,B008,2345.5,385.7,898.82,41
2025-09-24,B001,5076.26,2158.97,1841.31,94
2025-09-24,B002,3628.33,959.83,1358.54,57
2025-09-24,B003,3290.17,595.92,1530.7,51
2025-09-24,B004,4711.92,2247.06,2307.43,87
2025-09-24,B005,3958.11,796.28,1499.24,59
2025-09-24,B006,2817.73,468.64,1152.92,46
2025-09-24,B008,2443.81,433.58,957.46,43
2025-09-25,B001,5287.44,1916.86,2271.54,92
2025-09-25,B002,3844.3,876.71,1781.56,59
2025-09-25,B003,3726.54,774.06,1770.7,65
2025-09-25,B004,4273.71,1819.34,1907.17,91
2025-09-25,B005,3742.02,862.06,1660.93,62
2025-09-25,B006,2745.02,481.16,1103.05,45
2025-09-25,B008,2606.42,441.42,1105.96,43
2025-09-26,B001,4093.97,1745.13,1784.63,88
2025-09-26,B002,3160.97,743.85,1492.65,54
2025-09-26,B003,2838.5,581.18,1232.7,42
2025-09-26,B004,3825.84,1658.66,1444.11,81
2025-09-26,B005,3169.76,675.75,1381.74,52
2025-09-26,B006,2381.97,414.51,1002.29,39
2025-09-26,B008,2275.43,357.87,932.26,38
2025-09-27,B001,4755.29,1909.56,1933.89,99
2025-09-27,B002,4176.76,1046.86,1853.12,66
2025-09-27,B003,3879.79,683.16,1432.71,68
2025-09-27,B004,4466.05,1784.01,1798.93,88
2025-09-27,B005,3980.17,905.19,1574.87,63
2025-09-27,B006,2973.25,574.62,1361.18,46
2025-09-27,B008,2765.55,409.56,1103.26,40
2025-09-28,B001,5180.08,1971.67,2138.07,95
2025-09-28,B002,3881.41,964.93,1655.98,62
2025-09-28,B003,3167.21,591.54,1233.63,48
2025-09-28,B004,4447.01,1912.76,2055.31,81
2025-09-28,B005,3789.38,825.56,1754.29,65
2025-09-28,B006,2453.41,455.14,1105.83,42
2025-09-28,B008,2397.45,394.53,979.86,37
2025-09-29,B001,4386.44,1878.67,1584.64,79
2025-09-29,B002,4037.21,977.18,1673.38,65
2025-09-29,B003,3301.48,662.52,1419.27,56
2025-09-29,B004,3968.67,1814.01,1904.48,84
2025-09-29,B005,3974.39,843.7,1756.2,64
2025-09-29,B006,2665.74,503.26,1299.34,46
2025-09-29,B008,2370.09,388.31,911.26,41
2025-09-30,B001,4955.63,1906.5,2360.45,102
2025-09-30,B002,3455.13,872.94,1258.25,56
2025-09-30,B003,3419.91,612.9,1262.06,50
2025-09-30,B004,4359.33,1756.33,1943.15,91
2025-09-30,B005,3299.98,727.01,1261.71,50
2025-09-30,B006,2614.79,431.93,978.97,41
2025-09-30,B008,2441.79,365.96,1182.22,35
2025-10-01,B001,4594.93,1672.15,1912.35,81
2025-10-01,B002,3725.52,950.78,1796.03,62
2025-10-01,B003,3377.83,666.18,1336.97,61
2025-10-01,B004,4278.88,1656.35,1762.47,75
2025-10-01,B005,3589.02,851.83,1702.28,61
2025-10-01,B006,2658.91,490.32,1056.73,39
2025-10-01,B007,1751.15,247.53,792.42,28
2025-10-01,B008,2460.0,423.75,941.61,41
2025-10-02,B001,5393.92,2207.96,2262.84,94
2025-10-02,B002,3652.83,925.77,1501.9,56
2025-10-02,B003,3309.51,675.38,1309.21,52
2025-10-02,B004,4332.45,2038.63,1952.83,82
2025-10-02,B005,3555.48,779.48,1738.67,58
2025-10-02,B006,3049.9,495.82,1139.68,45
2025-10-02,B007,1797.77,242.97,706.27,28
2025-10-02,B008,2530.99,379.66,1139.66,37
2025-10-03,B001,4122.41,1692.15,1942.69,80
2025-10-03,B002,3031.18,700.28,1452.62,52
2025-10-03,B003,3138.05,595.99,1157.54,50
2025-10-03,B004,3619.46,1715.84,1369.0,67
2025-10-03,B005,3445.38,708.25,1248.43,61
2025-10-03,B006,2222.7,394.8,913.11,39
2025-10-03,B007,1664.52,234.33,632.44,26
2025-10-03,B008,2037.75,303.34,912.42,34
2025-10-04,B001,5157.52,2158.89,2400.81,96
2025-10-04,B002,4015.26,1084.81,1649.39,72
2025-10-04,B003,3263.86,563.9,1502.72,49
2025-10-04,B004,5096.41,2122.13,1992.75,107
2025-10-04,B005,3645.29,877.92,1472.06,65
2025-10-04,B006,2857.48,477.94,1356.44,42
2025-10-04,B007,2030.86,260.33,775.21,32
2025-10-04,B008,2335.01,367.95,1011.21,39
2025-10-05,B001,4576.4,1796.25,2206.1,94
2025-10-05,B002,3565.71,866.0,1364.14,61
2025-10-05,B003,3282.1,612.01,1377.3,58
2025-10-05,B004,4708.26,2087.7,1920.82,101
2025-10-05,B005,3443.26,726.77,1507.64,51
2025-10-05,B006,2424.66,430.8,1185.1,36
2025-10-05,B007,1695.69,250.73,742.68,24
2025-10-05,B008,2509.17,422.05,1220.48,38
2025-10-06,B001,4670.83,1871.53,2218.25,92
2025-10-06,B002,4028.29,1003.48,1625.67,66
2025-10-06,B003,3466.31,645.51,1536.53,59
2025-10-06,B004,4401.36,2104.16,1717.58,86
2025-10-06,B005,3937.52,832.31,1795.23,61
2025-10-06,B006,2734.12,443.01,1117.4,45
2025-10-06,B007,1730.48,223.37,631.5,24
2025-10-06,B008,2444.69,431.37,1115.03,40
2025-10-07,B001,4616.82,1853.24,2118.49,87
2025-10-07,B002,4096.25,1054.56,1628.26,78
2025-10-07,B003,3650.89,673.17,1429.29,58
2025-10-07,B004,4785.31,2129.08,1877.2,90
2025-10-07,B005,3768.84,844.82,1543.69,65
2025-10-07,B006,2643.63,423.74,1250.66,46
2025-10-07,B007,1743.3,243.55,659.66,29
2025-10-07,B008,2222.63,368.07,1040.32,32
2025-10-08,B001,4739.48,1674.77,2152.9,90
2025-10-08,B002,3968.73,942.08,1519.77,70
2025-10-08,B003,3256.26,614.14,1441.31,55
2025-10-08,B004,4864.64,1890.31,2366.32,93
2025-10-08,B005,3390.69,735.8,1443.37,53
2025-10-08,B006,2750.31,514.81,1273.84,49
2025-10-08,B007,1819.22,264.17,834.39,26
2025-10-08,B008,2494.96,380.15,1133.87,41
2025-10-09,B001,5048.8,1943.24,2063.79,92
2025-10-09,B002,3629.92,842.48,1528.21,65
2025-10-09,B003,3363.23,582.04,1429.68,51
2025-10-09,B004,4512.72,2127.86,2176.2,81
2025-10-09,B005,3675.79,805.24,1629.61,59
2025-10-09,B006,2728.95,440.31,1309.37,44
2025-10-09,B007,2007.72,258.66,836.66,32
2025-10-09,B008,2716.52,460.62,1157.92,43
2025-10-10,B001,4399.02,1786.34,1955.88,77
2025-10-10,B002,3503.29,831.15,1276.9,55
2025-10-10,B003,3052.08,600.99,1375.48,48
2025-10-10,B004,3764.01,1596.78,1688.3,77
2025-10-10,B005,3204.13,766.35,1504.01,60
2025-10-10,B006,2438.04,441.98,1168.29,40
2025-10-10,B007,1692.91,247.83,723.56,28
2025-10-10,B008,2084.92,360.41,819.11,35
2025-10-11,B001,5492.7,2212.03,2250.7,109
2025-10-11,B002,3787.19,1019.16,1721.64,71
2025-10-11,B003,3600.24,722.21,1457.27,63
2025-10-11,B004,4745.52,2239.77,1953.9,98
2025-10-11,B005,4092.77,954.5,1474.24,75
2025-10-11,B006,2850.65,505.42,1268.79,43
2025-10-11,B007,1873.18,249.63,845.79,31
2025-10-11,B008,2336.51,412.47,978.03,35
2025-10-12,B001,4697.5,1652.55,1802.69,81
2025-10-12,B002,3525.64,953.48,1456.6,59
2025-10-12,B003,3444.81,702.72,1314.53,59
2025-10-12,B004,4437.09,1806.04,1794.71,83
2025-10-12,B005,3589.13,814.59,1339.12,66
2025-10-12,B006,2811.37,450.74,1224.96,40
2025-10-12,B007,1780.83,243.83,642.78,27
2025-10-12,B008,2646.4,451.9,1273.39,42
2025-10-13,B001,4741.52,1815.14,1935.5,82
2025-10-13,B002,4088.94,1087.85,1972.21,68
2025-10-13,B003,3362.18,587.12,1366.0,55
2025-10-13,B004,4134.61,1754.58,1863.8,76
2025-10-13,B005,3958.97,808.57,1735.01,60
2025-10-13,B006,2509.77,459.61,1169.44,41
2025-10-13,B007,1992.37,279.56,840.33,31
2025-10-13,B008,2248.22,399.52,1089.22,34
2025-10-14,B001,4447.5,1676.32,1627.55,78
2025-10-14,B002,3642.89,900.6,1598.79,63
2025-10-14,B003,3521.84,618.01,1463.78,51
2025-10-14,B004,4705.47,2248.8,2218.27,86
2025-10-14,B005,3826.28,806.37,1474.49,68
2025-10-14,B006,2646.27,473.32,1247.41,42
2025-10-14,B007,1809.94,260.22,722.48,27
2025-10-14,B008,2428.95,423.25,927.49,39
2025-10-15,B001,4461.39,1798.33,1745.82,90
2025-10-15,B002,3932.7,1014.79,1461.5,68
2025-10-15,B003,3585.31,639.17,1723.69,53
2025-10-15,B004,4812.25,1933.06,1893.58,92
2025-10-15,B005,3970.12,808.24,1499.31,64
2025-10-15,B006,2792.76,455.28,1256.55,41
2025-10-15,B007,2142.18,306.34,938.47,32
2025-10-15,B008,2356.64,399.25,1073.88,38
2025-10-16,B001,5203.19,2051.4,2452.25,92
2025-10-16,B002,3759.19,868.66,1396.16,69
2025-10-16,B003,3659.67,755.91,1671.74,65
2025-10-16,B004,4430.19,2055.8,2144.34,86
2025-10-16,B005,3451.9,693.94,1483.03,52
2025-10-16,B006,3027.24,516.17,1233.46,46
2025-10-16,B007,2200.95,301.21,964.48,36
2025-10-16,B008,2472.33,405.34,1038.08,42
2025-10-17,B001,4581.44,1918.04,1947.01,89
2025-10-17,B002,3432.26,798.14,1532.49,54
2025-10-17,B003,3107.45,603.08,1243.47,45
2025-10-17,B004,3525.63,1688.63,1593.05,71
2025-10-17,B005,3406.63,747.07,1538.22,58
2025-10-17,B006,2561.9,437.97,1198.01,43
2025-10-17,B007,1842.18,265.48,830.92,32
2025-10-17,B008,2315.03,354.55,980.13,37
2025-10-18,B001,5519.14,2223.05,2595.69,95
2025-10-18,B002,3984.67,963.98,1785.64,60
2025-10-18,B003,3735.83,696.87,1601.25,63
2025-10-18,B004,4951.04,1977.02,2333.49,96
2025-10-18,B005,3468.29,799.14,1510.26,54
2025-10-18,B006,2924.8,536.63,1226.89,50
2025-10-18,B007,1949.11,275.3,775.43,33
2025-10-18,B008,2371.23,403.97,1080.31,42
2025-10-19,B001,5085.03,2010.93,2279.01,87
2025-10-19,B002,3442.76,939.64,1430.55,55
2025-10-19,B003,3741.56,658.51,1820.8,64
2025-10-19,B004,3952.06,1886.01,1756.74,77
2025-10-19,B005,3957.75,890.4,1632.65,73
2025-10-19,B006,2508.66,441.76,1127.49,36
2025-10-19,B007,2112.88,281.61,950.65,30
2025-10-19,B008,2491.75,426.75,1177.19,38
2025-10-20,B001,4625.53,1860.65,1886.07,95
2025-10-20,B002,3459.6,863.04,1546.24,58
2025-10-20,B003,3075.2,593.91,1336.0,52
2025-10-20,B004,4615.2,2113.76,1770.12,91
2025-10-20,B005,3749.19,812.36,1628.22,67
2025-10-20,B006,2386.99,454.03,1106.08,41
2025-10-20,B007,2211.93,275.56,956.19,33
2025-10-20,B008,2586.35,420.14,1105.55,40
2025-10-21,B001,5008.72,2075.7,1883.94,91
2025-10-21,B002,4060.35,1097.11,1557.09,68
2025-10-21,B003,3184.82,612.97,1477.97,56
2025-10-21,B004,4241.9,1698.3,1615.98,79
2025-10-21,B005,3955.86,790.84,1928.05,64
2025-10-21,B006,2571.37,457.57,1067.11,37
2025-10-21,B007,1876.17,246.61,906.2,29
2025-10-21,B008,2561.54,429.39,1070.31,40
2025-10-22,B001,5077.32,1984.47,2478.66,99
2025-10-22,B002,3848.89,907.02,1435.14,60
2025-10-22,B003,3261.05,584.59,1301.04,48
2025-10-22,B004,4870.01,2136.22,1889.98,98
2025-10-22,B005,3353.28,753.73,1239.6,59
2025-10-22,B006,2555.77,485.68,1053.0,45
2025-10-22,B007,1991.51,267.89,896.75,30
2025-10-22,B008,2212.77,375.91,1082.92,34
2025-10-23,B001,4816.35,1820.23,2145.45,84
2025-10-23,B002,4023.83,989.85,1528.87,61
2025-10-23,B003,3550.91,616.16,1556.96,62
2025-10-23,B004,4439.56,1737.47,1914.73,92
2025-10-23,B005,3909.96,835.42,1577.11,67
2025-10-23,B006,2980.98,499.11,1076.98,48
2025-10-23,B007,2402.67,320.43,897.76,34
2025-10-23,B008,2355.45,399.83,941.83,35
2025-10-24,B001,4293.14,1680.32,1936.46,75
2025-10-24,B002,3345.33,854.39,1594.23,61
2025-10-24,B003,3282.09,612.05,1328.83,50
2025-10-24,B004,4318.34,1864.15,1888.41,78
2025-10-24,B005,3231.0,658.37,1167.15,52
2025-10-24,B006,2194.23,360.27,897.97,33
2025-10-24,B007,1692.22,240.26,823.58,25
2025-10-24,B008,2031.55,337.42,918.02,34
2025-10-25,B001,5487.37,2278.19,2333.72,110
2025-10-25,B002,3806.57,1037.22,1806.52,61
2025-10-25,B003,3374.89,687.15,1630.64,56
2025-10-25,B004,4630.22,1803.56,1714.72,83
2025-10-25,B005,4173.9,857.05,1533.76,65
2025-10-25,B006,2787.63,491.27,1320.4,40
2025-10-25,B007,2189.23,299.0,996.11,34
2025-10-25,B008,2510.66,447.07,1193.69,38
2025-10-26,B001,4774.41,1905.05,2284.15,86
2025-10-26,B002,3912.36,1018.04,1789.73,71
2025-10-26,B003,3529.5,730.83,1648.41,53
2025-10-26,B004,4492.37,1973.72,1971.97,79
2025-10-26,B005,3720.87,878.47,1592.75,66
2025-10-26,B006,2403.71,451.55,1025.85,35
2025-10-26,B007,2125.96,283.55,868.51,36
2025-10-26,B008,2658.83,412.81,1143.53,39
2025-10-27,B001,4585.96,1704.82,1825.95,91
2025-10-27,B002,3953.31,1001.97,1534.95,70
2025-10-27,B003,3696.84,723.42,1727.7,66
2025-10-27,B004,4433.7,1951.72,1877.56,89
2025-10-27,B005,3752.68,796.37,1523.61,69
2025-10-27,B006,2886.03,479.48,1171.98,50
2025-10-27,B007,2185.59,275.74,932.94,36
2025-10-27,B008,2257.86,366.7,858.51,34
2025-10-28,B001,4667.97,1773.38,1862.09,88
2025-10-28,B002,3501.1,930.5,1309.87,61
2025-10-28,B003,3688.35,657.75,1497.42,60
2025-10-28,B004,4267.17,1987.7,1646.28,91
2025-10-28,B005,3324.6,714.83,1518.38,50
2025-10-28,B006,2495.54,415.65,1053.89,38
2025-10-28,B007,2086.46,280.44,900.34,30
2025-10-28,B008,2558.21,402.95,1175.17,37
2025-10-29,B001,4781.42,2039.2,2245.35,94
2025-10-29,B002,3546.95,818.27,1286.65,64
2025-10-29,B003,3392.53,679.38,1325.62,53
2025-10-29,B004,4222.59,2013.41,1924.94,85
2025-10-29,B005,3497.62,765.66,1605.12,61
2025-10-29,B006,2470.82,436.95,969.62,37
2025-10-29,B007,2335.95,347.48,916.06,34
2025-10-29,B008,2283.44,386.08,1062.47,35
2025-10-30,B001,5211.79,1886.01,2548.73,94
2025-10-30,B002,4091.19,968.03,1543.19,76
2025-10-30,B003,3857.03,795.51,1602.28,61
2025-10-30,B004,4439.12,1713.05,1833.13,87
2025-10-30,B005,3935.54,819.05,1588.79,65
2025-10-30,B006,2758.09,499.96,1102.02,46
2025-10-30,B007,2211.68,293.45,916.41,35
2025-10-30,B008,2339.8,348.75,858.18,35
2025-10-31,B001,4082.46,1577.78,1951.83,84
2025-10-31,B002,3070.4,837.68,1250.47,55
2025-10-31,B003,2811.26,486.6,1213.7,41
2025-10-31,B004,3773.26,1707.8,1535.64,70
2025-10-31,B005,3248.14,695.22,1443.9,57
2025-10-31,B006,2260.67,428.34,852.19,35
2025-10-31,B007,1812.4,251.04,867.39,27
2025-10-31,B008,2008.22,339.43,964.58,35
2025-11-01,B001,5211.65,1956.68,2367.63,88
2025-11-01,B002,3677.72,960.39,1344.93,67
2025-11-01,B003,3626.05,658.36,1718.82,54
2025-11-01,B004,4911.93,2341.43,2339.74,99
2025-11-01,B005,3909.63,928.02,1441.88,67
2025-11-01,B006,3005.25,530.72,1090.44,47
2025-11-01,B007,2450.68,311.82,896.72,37
2025-11-01,B008,2681.18,452.29,1223.41,43
2025-11-02,B001,4983.87,2101.4,2423.66,103
2025-11-02,B002,4004.87,978.13,1847.52,69
2025-11-02,B003,3302.67,591.58,1257.66,56
2025-11-02,B004,4572.96,2134.22,2116.29,92
2025-11-02,B005,3806.11,839.58,1520.32,67
2025-11-02,B006,2768.77,493.41,1058.34,49
2025-11-02,B007,2168.09,271.12,822.27,30
2025-11-02,B008,2673.56,416.75,1237.27,41
2025-11-03,B001,4581.35,1912.31,1967.68,98
2025-11-03,B002,3666.89,936.08,1496.03,68
2025-11-03,B003,3565.4,685.51,1618.23,59
2025-11-03,B004,4676.26,1924.73,1718.27,83
2025-11-03,B005,3935.13,816.96,1910.42,69
2025-11-03,B006,2911.67,517.44,1418.68,44
2025-11-03,B007,2429.9,307.84,1110.34,38
2025-11-03,B008,2500.9,435.42,1106.55,39
2025-11-04,B001,5328.64,1945.8,2104.51,97
2025-11-04,B002,3993.62,1049.42,1518.51,72
2025-11-04,B003,3601.55,668.91,1718.95,63
2025-11-04,B004,4326.0,1723.34,2042.33,88
2025-11-04,B005,3625.4,831.74,1610.34,67
2025-11-04,B006,2508.06,415.99,1031.43,39
2025-11-04,B007,2119.19,266.7,830.47,30
2025-11-04,B008,2709.88,408.67,1161.13,40
2025-11-05,B001,5198.45,2068.32,2126.81,110
2025-11-05,B002,4008.53,1055.5,1778.92,76
2025-11-05,B003,3302.52,579.78,1250.14,51
2025-11-05,B004,3954.43,1881.38,1915.88,86
2025-11-05,B005,3858.86,820.51,1744.09,68
2025-11-05,B006,2651.59,473.47,1107.74,46
2025-11-05,B007,2252.65,288.03,827.32,33
2025-11-05,B008,2540.07,384.78,1186.82,43
2025-11-06,B001,4916.81,1917.0,2304.72,100
2025-11-06,B002,4365.23,989.36,1813.87,78
2025-11-06,B003,3715.39,671.05,1762.09,61
2025-11-06,B004,4959.0,2285.64,1857.71,105
2025-11-06,B005,3564.86,722.56,1726.32,60
2025-11-06,B006,2869.97,470.47,1377.67,41
2025-11-06,B007,2608.89,362.53,999.59,40
2025-11-06,B008,2591.23,435.98,983.45,39
2025-11-07,B001,4087.83,1704.16,1656.76,86
2025-11-07,B002,3606.21,930.9,1735.58,57
2025-11-07,B003,3194.32,559.97,1150.86,46
2025-11-07,B004,3667.58,1628.42,1473.02,73
2025-11-07,B005,3337.56,773.87,1409.1,61
2025-11-07,B006,2355.33,452.08,933.19,42
2025-11-07,B007,2284.8,293.67,936.89,36
2025-11-07,B008,2117.59,357.19,876.29,31
2025-11-08,B001,4871.12,2023.95,2167.72,99
2025-11-08,B002,3898.57,974.08,1674.01,65
2025-11-08,B003,3821.61,711.99,1664.41,62
2025-11-08,B004,4725.37,2115.93,2160.8,89
2025-11-08,B005,3678.87,730.57,1799.73,67
2025-11-08,B006,2774.88,532.42,1331.16,49
2025-11-08,B007,2365.03,343.11,1117.9,34
2025-11-08,B008,2473.64,376.27,1164.91,35
2025-11-09,B001,5435.11,1994.61,2541.55,111
2025-11-09,B002,3471.17,949.5,1567.29,61
2025-11-09,B003,3072.59,637.83,1254.6,48
2025-11-09,B004,4821.75,1870.86,2260.76,84
2025-11-09,B005,3344.14,714.87,1238.23,60
2025-11-09,B006,2686.66,502.36,1019.49,46
2025-11-09,B007,2481.53,353.74,1118.71,40
2025-11-09,B008,2425.93,383.02,1119.76,36
2025-11-10,B001,4835.17,1739.57,2294.53,99
2025-11-10,B002,4006.44,1002.27,1447.98,63
2025-11-10,B003,3528.32,720.75,1524.38,54
2025-11-10,B004,4920.23,2109.57,2225.01,97
2025-11-10,B005,3366.86,808.45,1440.33,51
2025-11-10,B006,2495.05,416.61,1099.01,42
2025-11-10,B007,2232.06,318.06,965.83,32
2025-11-10,B008,2618.85,423.82,1049.41,40
2025-11-11,B001,5381.95,1940.27,2499.56,96
2025-11-11,B002,3641.06,840.07,1347.61,59
2025-11-11,B003,3739.68,649.19,1483.48,59
2025-11-11,B004,4120.82,1805.53,1888.77,84
2025-11-11,B005,3698.62,833.92,1347.06,64
2025-11-11,B006,2927.25,522.89,1268.34,44
2025-11-11,B007,2201.91,290.18,1062.76,38
2025-11-11,B008,2405.57,375.84,990.51,40
2025-11-12,B001,5128.03,2095.68,2495.3,94
2025-11-12,B002,3526.09,865.24,1609.27,65
2025-11-12,B003,3701.34,658.54,1615.02,60
2025-11-12,B004,4513.55,2093.87,1795.11,97
2025-11-12,B005,3604.67,851.56,1341.4,58
2025-11-12,B006,2860.22,534.21,1272.94,43
2025-11-12,B007,2241.28,331.66,957.29,33
2025-11-12,B008,2510.54,441.78,1015.22,38
2025-11-13,B001,5030.89,1896.25,2370.93,95
2025-11-13,B002,4240.13,1118.8,1740.12,77
2025-11-13,B003,3717.53,651.51,1411.96,57
2025-11-13,B004,4630.79,2125.81,1752.94,85
2025-11-13,B005,3803.72,912.64,1755.75,70
2025-11-13,B006,2575.59,438.66,1239.96,44
2025-11-13,B007,2438.73,324.32,906.23,40
2025-11-13,B008,2721.35,423.18,1147.11,45
2025-11-14,B001,4648.7,1868.78,1758.41,96
2025-11-14,B002,3476.32,790.5,1639.68,59
2025-11-14,B003,3216.23,661.92,1211.77,54
2025-11-14,B004,4150.5,1968.46,1695.81,80
2025-11-14,B005,3275.18,685.95,1551.84,51
2025-11-14,B006,2408.36,436.56,1099.02,41
2025-11-14,B007,2330.74,289.7,1097.54,37
2025-11-14,B008,2028.67,324.08,749.57,33
2025-11-15,B001,5251.77,1862.42,2208.71,93
2025-11-15,B002,4307.11,1069.22,1598.61,69
2025-11-15,B003,3846.16,792.33,1768.72,67
2025-11-15,B004,4634.02,1904.09,2268.53,89
2025-11-15,B005,3995.59,873.01,1583.01,73
2025-11-15,B006,2602.56,456.68,1153.53,43
2025-11-15,B007,2331.37,323.77,954.55,33
2025-11-15,B008,2502.02,402.02,1054.71,43
2025-11-16,B001,5181.82,2223.73,2326.0,105
2025-11-16,B002,4001.69,918.47,1476.64,68
2025-11-16,B003,3299.37,654.02,1561.48,53
2025-11-16,B004,4792.73,1942.92,2242.86,100
2025-11-16,B005,4010.98,853.47,1836.68,71
2025-11-16,B006,2612.23,453.98,1101.88,40
2025-11-16,B007,2316.51,327.23,940.76,34
2025-11-16,B008,2447.77,362.6,1130.38,37
2025-11-17,B001,4503.06,1817.24,1982.01,89
2025-11-17,B002,4134.27,1125.93,1887.58,68
2025-11-17,B003,3371.55,599.9,1414.79,58
2025-11-17,B004,5026.03,1968.68,2443.14,96
2025-11-17,B005,3775.1,749.8,1580.15,57
2025-11-17,B006,2491.61,435.51,1211.0,43
2025-11-17,B007,2346.57,348.15,972.94,36
2025-11-17,B008,2315.82,368.43,938.49,33
2025-11-18,B001,5417.51,2142.95,1960.42,96
2025-11-18,B002,3411.74,921.69,1450.92,54
2025-11-18,B003,3587.64,702.83,1504.22,59
2025-11-18,B004,4419.47,1912.5,1891.59,81
2025-11-18,B005,3450.94,710.15,1434.52,60
2025-11-18,B006,2739.26,487.29,1122.01,41
2025-11-18,B007,2628.69,354.39,1043.12,39
2025-11-18,B008,2661.11,462.25,1302.34,40
2025-11-19,B001,4541.07,1825.24,1998.59,88
2025-11-19,B002,3799.8,998.26,1825.95,71
2025-11-19,B003,3421.34,661.79,1246.2,58
2025-11-19,B004,4583.97,1842.44,1921.15,89
2025-11-19,B005,3479.37,759.23,1308.86,52
2025-11-19,B006,2923.87,507.54,1364.44,44
2025-11-19,B007,2698.23,335.35,1102.78,44
2025-11-19,B008,2346.91,409.31,925.59,35
2025-11-20,B001,5516.51,2104.87,2159.17,95
2025-11-20,B002,4005.93,906.29,1522.01,68
2025-11-20,B003,3801.52,768.67,1665.04,64
2025-11-20,B004,5019.11,2401.83,1964.67,91
2025-11-20,B005,3597.05,811.96,1682.38,56
2025-11-20,B006,2877.16,472.63,1273.76,41
2025-11-20,B007,2470.36,361.84,1055.45,39
2025-11-20,B008,2353.65,404.79,1001.6,36
2025-11-21,B001,4538.49,1902.45,2003.98,92
2025-11-21,B002,3360.21,916.82,1298.68,63
2025-11-21,B003,3007.25,586.93,1314.55,54
2025-11-21,B004,4075.34,1919.47,1508.86,83
2025-11-21,B005,3464.71,706.42,1451.65,55
2025-11-21,B006,2323.87,390.15,1107.85,38
2025-11-21,B007,2299.99,299.19,1061.23,33
2025-11-21,B008,2292.39,384.28,907.2,33
2025-11-22,B001,5276.59,2115.66,2296.99,109
2025-11-22,B002,3956.76,1008.24,1479.51,70
2025-11-22,B003,3950.1,694.75,1675.84,65
2025-11-22,B004,5126.19,2142.51,2172.66,110
2025-11-22,B005,3472.56,831.69,1284.57,56
2025-11-22,B006,2752.67,468.81,1315.99,41
2025-11-22,B007,2555.99,317.83,979.53,38
2025-11-22,B008,2670.35,397.27,1300.11,37
2025-11-23,B001,4943.35,1971.47,2130.8,101
2025-11-23,B002,3971.32,1079.01,1529.24,76
2025-11-23,B003,3147.03,600.78,1195.26,47
2025-11-23,B004,4315.04,1731.94,1737.15,87
2025-11-23,B005,3822.45,912.22,1509.05,64
2025-11-23,B006,2960.18,507.56,1277.89,49
2025-11-23,B007,2743.8,373.87,1170.63,43
2025-11-23,B008,2353.08,359.95,1057.28,34
2025-11-24,B001,4812.02,1827.07,2097.44,85
2025-11-24,B002,3668.25,971.64,1775.39,63
2025-11-24,B003,3758.53,705.54,1718.1,56
2025-11-24,B004,4668.38,2050.17,1941.16,89
2025-11-24,B005,3605.91,812.13,1328.25,64
2025-11-24,B006,2451.89,433.61,1069.74,41
2025-11-24,B007,2795.71,391.32,1357.23,44
2025-11-24,B008,2272.83,348.14,913.56,33
2025-11-25,B001,4990.26,1761.13,2222.68,94
2025-11-25,B002,4138.01,957.52,1661.07,77
2025-11-25,B003,3370.36,637.74,1561.76,50
2025-11-25,B004,4687.25,1956.7,2054.11,89
2025-11-25,B005,3450.99,724.98,1515.08,52
2025-11-25,B006,2936.97,477.3,1398.13,47
2025-11-25,B007,2796.78,368.79,1123.23,46
2025-11-25,B008,2640.95,429.81,1290.72,42
2025-11-26,B001,4726.01,1706.27,1902.19,89
2025-11-26,B002,3956.78,947.03,1755.53,62
2025-11-26,B003,3781.65,777.51,1501.19,57
2025-11-26,B004,4386.39,2054.71,2102.59,97
2025-11-26,B005,3888.68,782.97,1448.01,59
2025-11-26,B006,2848.62,481.51,1304.61,46
2025-11-26,B007,2708.42,356.84,1190.63,42
2025-11-26,B008,2593.26,418.6,1219.68,37
2025-11-27,B001,4855.77,1835.85,2138.18,101
2025-11-27,B002,3730.03,842.95,1393.79,64
2025-11-27,B003,3775.62,710.37,1442.76,65
2025-11-27,B004,5217.89,2169.82,2490.89,90
2025-11-27,B005,4157.33,978.97,1636.99,65
2025-11-27,B006,2568.12,491.83,949.58,43
2025-11-27,B007,2835.65,408.8,1120.33,47
2025-11-27,B008,2408.78,389.26,906.71,35
2025-11-28,B001,4526.16,1915.61,2197.72,89
2025-11-28,B002,3421.02,791.62,1466.2,56
2025-11-28,B003,3129.07,650.89,1257.41,49
2025-11-28,B004,3893.36,1579.94,1551.55,81
2025-11-28,B005,3276.97,772.36,1460.65,52
2025-11-28,B006,2275.0,369.96,1106.4,39
2025-11-28,B007,2159.73,279.4,1007.31,35
2025-11-28,B008,2038.69,314.03,890.43,32
2025-11-29,B001,5505.71,2267.09,2205.24,106
2025-11-29,B002,3749.85,938.31,1795.56,67
2025-11-29,B003,3488.04,725.39,1649.22,57
2025-11-29,B004,5171.81,2061.71,2048.65,105
2025-11-29,B005,3684.06,867.82,1636.79,67
2025-11-29,B006,3017.16,557.17,1180.53,45
2025-11-29,B007,2678.83,334.3,1194.88,41
2025-11-29,B008,2449.54,430.79,908.6,40
2025-11-30,B001,4673.96,1818.54,1991.25,97
2025-11-30,B002,3761.09,865.84,1671.13,60
2025-11-30,B003,3469.19,635.03,1430.52,54
2025-11-30,B004,4644.04,1987.4,1933.61,86
2025-11-30,B005,3783.74,906.18,1470.16,70
2025-11-30,B006,2483.15,419.04,915.19,43
2025-11-30,B007,2580.88,359.65,1169.29,41
2025-11-30,B008,2287.78,388.74,1085.18,38
2025-12-01,B001,4650.16,1925.3,1884.21,93
2025-12-01,B002,3919.25,1026.08,1458.95,67
2025-12-01,B003,3648.1,691.8,1458.12,54
2025-12-01,B004,4433.01,1820.58,1635.91,91
2025-12-01,B005,4089.71,835.78,1479.07,67
2025-12-01,B006,2655.52,440.43,1047.07,46
2025-12-01,B007,2831.84,411.14,1238.14,40
2025-12-01,B008,2545.98,413.56,998.47,44
2025-12-02,B001,5333.84,2105.41,2606.93,94
2025-12-02,B002,3956.7,924.22,1499.81,72
2025-12-02,B003,3346.88,666.39,1401.81,52
2025-12-02,B004,5160.63,2091.03,2184.21,101
2025-12-02,B005,3396.61,724.27,1536.36,51
2025-12-02,B006,2845.05,536.15,1357.89,45
2025-12-02,B007,2547.68,359.19,1158.35,44
2025-12-02,B008,2720.3,472.47,1212.48,47
2025-12-03,B001,5117.76,1878.95,2335.4,86
2025-12-03,B002,3742.47,981.8,1441.6,58
2025-12-03,B003,3557.78,738.62,1686.49,56
2025-12-03,B004,5014.48,2124.23,2429.92,96
2025-12-03,B005,3548.48,806.32,1687.09,60
2025-12-03,B006,2644.47,510.68,1058.35,47
2025-12-03,B007,2811.35,372.48,1235.89,44
2025-12-03,B008,2455.37,434.96,1136.85,41
2025-12-04,B001,5739.35,2231.44,2577.65,109
2025-12-04,B002,3694.66,1011.51,1629.69,61
2025-12-04,B003,3534.56,646.27,1639.94,63
2025-12-04,B004,4440.09,1809.9,1940.76,93
2025-12-04,B005,3758.07,813.75,1675.47,69
2025-12-04,B006,2709.03,464.64,1075.01,40
2025-12-04,B007,2999.59,429.15,1140.31,51
2025-12-04,B008,2459.1,437.74,948.17,38
2025-12-05,B001,4142.06,1511.9,1745.93,79
2025-12-05,B002,3622.38,930.55,1503.04,56
2025-12-05,B003,2867.91,521.61,1145.05,48
2025-12-05,B004,4081.48,1821.63,1640.44,78
2025-12-05,B005,3460.72,715.59,1306.9,56
2025-12-05,B006,2335.66,380.39,1012.9,36
2025-12-05,B007,2516.69,335.47,1192.59,39
2025-12-05,B008,2054.71,330.88,823.37,29
2025-12-06,B001,5490.69,2120.29,2281.91,105
2025-12-06,B002,4058.33,920.52,1755.87,61
2025-12-06,B003,3576.42,714.68,1573.54,61
2025-12-06,B004,4574.23,1965.86,1722.41,88
2025-12-06,B005,3987.82,840.33,1827.19,67
2025-12-06,B006,2827.87,453.27,1314.88,41
2025-12-06,B007,2962.94,371.61,1087.73,42
2025-12-06,B008,2706.14,426.95,1008.48,44
2025-12-07,B001,5093.28,1907.24,1873.88,90
2025-12-07,B002,4001.13,1048.63,1467.99,73
2025-12-07,B003,3250.13,647.63,1379.32,56
2025-12-07,B004,4692.41,2176.96,1872.81,97
2025-12-07,B005,4200.7,834.82,1777.08,65
2025-12-07,B006,2562.15,410.19,1123.49,44
2025-12-07,B007,2648.36,341.85,1116.51,38
2025-12-07,B008,2518.37,376.46,946.49,40
2025-12-08,B001,5442.26,2270.13,2554.73,103
2025-12-08,B002,4128.67,1069.87,1947.54,69
2025-12-08,B003,3466.23,677.43,1331.12,52
2025-12-08,B004,4904.57,1947.28,2238.53,92
2025-12-08,B005,3774.5,794.85,1686.37,56
2025-12-08,B006,2723.28,495.82,1118.87,42
2025-12-08,B007,2658.8,357.1,1104.01,45
2025-12-08,B008,2494.49,410.94,901.59,41
2025-12-09,B001,5088.49,2156.11,2241.91,109
2025-12-09,B002,4151.39,1135.72,1747.02,68
2025-12-09,B003,3324.74,692.26,1351.53,50
2025-12-09,B004,4705.67,1947.75,2126.06,92
2025-12-09,B005,3420.13,773.73,1387.69,54
2025-12-09,B006,2638.49,484.59,1219.7,44
2025-12-09,B007,3063.58,402.86,1259.78,43
2025-12-09,B008,2604.34,414.25,1097.28,39
2025-12-10,B001,5014.16,2140.22,2310.54,96
2025-12-10,B002,3650.45,880.73,1767.46,63
2025-12-10,B003,3629.03,678.61,1327.65,54
2025-12-10,B004,4461.52,1740.5,1667.76,77
2025-12-10,B005,3720.15,858.41,1813.84,58
2025-12-10,B006,2894.59,485.67,1380.64,49
2025-12-10,B007,3127.74,446.46,1296.78,53
2025-12-10,B008,2607.69,394.36,1225.84,45
2025-12-11,B001,5523.53,2199.23,2592.13,96
2025-12-11,B002,3898.73,1013.73,1594.94,60
2025-12-11,B003,3768.89,677.2,1480.51,61
2025-12-11,B004,4737.77,1894.58,1805.43,84
2025-12-11,B005,4214.48,870.18,1836.14,67
2025-12-11,B006,2979.26,496.66,1386.25,43
2025-12-11,B007,2972.16,398.53,1281.16,50
2025-12-11,B008,2448.65,415.78,1171.5,38
2025-12-12,B001,4378.1,1831.02,1900.74,84
2025-12-12,B002,3334.16,853.39,1442.46,61
2025-12-12,B003,2853.72,536.08,1166.87,50
2025-12-12,B004,3688.62,1684.89,1470.91,79
2025-12-12,B005,3135.7,702.0,1263.75,55
2025-12-12,B006,2602.74,496.26,1022.04,40
2025-12-12,B007,2354.66,342.95,1144.02,40
2025-12-12,B008,2239.4,388.73,1077.45,36
2025-12-13,B001,5329.11,1873.73,2401.71,106
2025-12-13,B002,3992.4,1082.83,1573.79,76
2025-12-13,B003,3594.31,653.67,1450.27,54
2025-12-13,B004,4494.67,1947.09,2046.89,80
2025-12-13,B005,4009.39,945.94,1566.19,74
2025-12-13,B006,3084.8,586.29,1392.49,47
2025-12-13,B007,2773.32,411.61,1340.87,42
2025-12-13,B008,2722.76,409.03,1175.38,39
2025-12-14,B001,4999.04,1751.59,1822.79,91
2025-12-14,B002,4060.04,1001.15,1621.76,64
2025-12-14,B003,3940.82,683.19,1447.05,59
2025-12-14,B004,4957.25,2141.18,2339.02,92
2025-12-14,B005,3960.19,878.23,1452.51,62
2025-12-14,B006,2869.88,499.76,1192.4,49
2025-12-14,B007,2926.67,428.16,1427.42,47
2025-12-14,B008,2383.94,383.51,876.17,40
2025-12-15,B001,5277.91,1930.13,2412.91,90
2025-12-15,B002,4154.11,1052.7,2030.62,79
2025-12-15,B003,3673.93,741.87,1359.21,65
2025-12-15,B004,4520.36,1741.38,1832.81,82
2025-12-15,B005,3623.42,763.4,1589.94,60
2025-12-15,B006,2581.32,419.67,1013.23,40
2025-12-15,B007,2989.24,425.15,1214.84,42
2025-12-15,B008,2382.62,403.33,1149.34,35
2025-12-16,B001,4846.15,1949.58,2076.52,97
2025-12-16,B002,4093.94,1024.19,1502.56,64
2025-12-16,B003,3689.09,719.06,1462.25,64
2025-12-16,B004,4205.05,2004.83,1639.84,80
2025-12-16,B005,3591.45,768.83,1674.08,64
2025-12-16,B006,3009.08,550.95,1337.5,49
2025-12-16,B007,2792.71,380.75,1017.63,45
2025-12-16,B008,2460.47,425.13,912.8,41
2025-12-17,B001,5223.43,2029.24,2466.3,101
2025-12-17,B002,3625.65,853.69,1392.16,61
2025-12-17,B003,3260.71,598.17,1403.41,54
2025-12-17,B004,4215.37,1851.83,2006.99,75
2025-12-17,B005,4063.61,946.6,1775.08,64
2025-12-17,B006,2651.99,497.28,1104.37,43
2025-12-17,B007,3167.79,450.56,1163.93,53
2025-12-17,B008,2471.82,419.05,1107.71,36
2025-12-18,B001,5798.68,2236.79,2519.17,107
2025-12-18,B002,4175.75,974.42,1710.25,66
2025-12-18,B003,4066.37,720.84,1471.92,61
2025-12-18,B004,5476.37,2130.82,2149.43,102
2025-12-18,B005,3840.45,825.75,1689.88,65
2025-12-18,B006,2946.34,547.81,1371.03,46
2025-12-18,B007,2941.83,406.16,1181.82,48
2025-12-18,B008,2479.8,400.89,1034.54,39
2025-12-19,B001,4931.68,1909.45,2316.72,98
2025-12-19,B002,3114.11,848.08,1232.99,52
2025-12-19,B003,3062.83,535.59,1174.21,46
2025-12-19,B004,3852.01,1793.74,1450.43,74
2025-12-19,B005,3100.33,696.29,1136.1,56
2025-12-19,B006,2201.47,402.05,1038.82,35
2025-12-19,B007,2451.7,347.6,902.0,36
2025-12-19,B008,2147.88,333.98,962.66,31
2025-12-20,B001,5103.83,2082.44,2235.86,100
2025-12-20,B002,3773.91,932.9,1609.33,67
2025-12-20,B003,3598.7,668.74,1680.41,59
2025-12-20,B004,4903.66,2286.89,1856.53,101
2025-12-20,B005,4215.58,895.75,1741.28,67
2025-12-20,B006,2829.01,544.34,1247.17,49
2025-12-20,B007,2903.03,427.13,1389.23,50
2025-12-20,B008,2689.0,463.03,1146.6,40
2025-12-21,B001,5113.06,2024.6,2069.39,103
2025-12-21,B002,4299.66,976.28,1953.83,73
2025-12-21,B003,3981.31,698.22,1473.28,58
2025-12-21,B004,4450.51,1908.88,1934.53,85
2025-12-21,B005,3721.19,854.3,1749.65,61
2025-12-21,B006,2529.09,443.99,1082.9,41
2025-12-21,B007,2953.03,427.47,1175.6,48
2025-12-21,B008,2405.39,411.21,979.13,38
2025-12-22,B001,5519.95,1967.47,2160.15,96
2025-12-22,B002,4287.89,1042.52,1739.85,72
2025-12-22,B003,3857.21,756.26,1692.07,63
2025-12-22,B004,4617.33,2010.37,2158.52,97
2025-12-22,B005,3809.69,881.83,1573.37,62
2025-12-22,B006,2595.35,437.48,1031.12,43
2025-12-22,B007,2879.83,387.07,1404.85,43
2025-12-22,B008,2605.28,445.78,1242.68,38
2025-12-23,B001,4752.68,1696.1,1873.69,86
2025-12-23,B002,4266.47,1118.93,1606.03,81
2025-12-23,B003,3512.65,693.44,1716.6,62
2025-12-23,B004,4921.73,2317.11,2350.39,101
2025-12-23,B005,3740.09,830.13,1692.61,67
2025-12-23,B006,2969.24,563.72,1297.24,47
2025-12-23,B007,3502.51,438.51,1597.28,55
2025-12-23,B008,2538.61,406.27,1062.33,37
2025-12-24,B001,4936.75,1910.09,1863.62,99
2025-12-24,B002,4112.73,1115.25,1981.35,78
2025-12-24,B003,3858.64,748.11,1574.65,60
2025-12-24,B004,4631.08,1957.01,1973.43,87
2025-12-24,B005,4225.55,855.62,1684.54,71
2025-12-24,B006,2788.85,529.37,1214.2,42
2025-12-24,B007,3140.48,414.5,1260.64,52
2025-12-24,B008,2359.16,406.67,1074.6,34
2025-12-25,B001,5041.96,1969.11,2192.08,92
2025-12-25,B002,3835.82,918.03,1440.01,68
2025-12-25,B003,3644.33,745.71,1448.63,54
2025-12-25,B004,5306.87,2408.47,2548.29,101
2025-12-25,B005,3735.43,773.55,1752.08,58
2025-12-25,B006,2595.26,493.09,1258.13,41
2025-12-25,B007,3557.98,442.12,1665.94,60
2025-12-25,B008,2479.42,437.19,1076.69,38
2025-12-26,B001,4463.48,1866.18,1777.99,93
2025-12-26,B002,3596.06,961.87,1502.34,63
2025-12-26,B003,2978.85,607.24,1456.96,46
2025-12-26,B004,3886.13,1610.35,1438.95,70
2025-12-26,B005,3548.87,752.9,1511.53,61
2025-12-26,B006,2518.91,445.59,1161.26,38
2025-12-26,B007,2697.1,396.45,1122.91,38
2025-12-26,B008,2402.96,377.96,1127.91,36
2025-12-27,B001,5941.4,2078.81,2628.98,121
2025-12-27,B002,3860.98,941.46,1863.35,63
2025-12-27,B003,3603.24,641.24,1678.4,55
2025-12-27,B004,4813.08,1923.51,2280.74,83
2025-12-27,B005,4239.27,976.27,1527.9,78
2025-12-27,B006,2962.89,494.41,1135.25,48
2025-12-27,B007,3209.78,428.2,1399.16,48
2025-12-27,B008,2652.81,444.51,1017.11,44
2025-12-28,B001,4954.1,1838.73,2095.87,86
2025-12-28,B002,3923.94,953.11,1657.96,72
2025-12-28,B003,3283.1,671.25,1504.13,56
2025-12-28,B004,5252.85,2162.44,2343.37,109
2025-12-28,B005,3839.23,813.17,1438.79,60
2025-12-28,B006,2888.37,536.17,1221.45,43
2025-12-28,B007,3249.49,436.04,1269.03,52
2025-12-28,B008,2549.71,445.48,1177.37,45
2025-12-29,B001,5535.42,2040.29,2221.31,105
2025-12-29,B002,3961.39,970.36,1895.95,70
2025-12-29,B003,3787.44,699.52,1766.49,63
2025-12-29,B004,4641.3,2022.26,1771.35,96
2025-12-29,B005,3880.4,927.42,1706.32,67
2025-12-29,B006,2896.71,465.61,1314.79,43
2025-12-29,B007,2987.92,422.68,1429.99,44
2025-12-29,B008,2591.41,434.07,1107.63,42
2025-12-30,B001,4970.17,1788.59,2135.39,85
2025-12-30,B002,3734.01,990.44,1786.29,66
2025-12-30,B003,3378.84,672.4,1629.28,61
2025-12-30,B004,4168.82,1972.07,1556.34,85
2025-12-30,B005,3884.64,796.33,1550.71,67
2025-12-30,B006,2975.85,500.35,1176.71,51
2025-12-30,B007,3463.23,485.64,1305.83,51
2025-12-30,B008,2485.36,373.68,918.6,37
2025-12-31,B001,5484.77,2093.07,1985.03,96
2025-12-31,B002,4140.77,964.1,1886.8,65
2025-12-31,B003,3380.23,656.86,1354.07,57
2025-12-31,B004,4927.7,1889.1,1949.53,98
2025-12-31,B005,3652.17,826.24,1538.59,63
2025-12-31,B006,2542.74,488.68,1100.83,41
2025-12-31,B007,3574.26,490.34,1400.39,61
2025-12-31,B008,2585.61,412.61,1056.11,40
2026-01-01,B001,4654.78,1701.06,2265.83,88
2026-01-01,B002,3560.15,901.31,1579.17,63
2026-01-01,B003,3460.26,608.92,1321.83,51
2026-01-01,B004,4627.79,1871.9,1751.03,86
2026-01-01,B005,3679.69,818.26,1435.87,57
2026-01-01,B006,2484.2,425.07,942.95,41
2026-01-01,B007,3090.22,414.25,1114.72,45
2026-01-01,B008,2357.95,387.11,944.81,36
2026-01-02,B001,4003.07,1629.96,1708.81,71
2026-01-02,B002,2889.08,666.11,1302.7,49
2026-01-02,B003,2446.35,488.16,933.54,40
2026-01-02,B004,4359.71,1677.62,1809.9,88
2026-01-02,B005,2956.95,680.9,1274.81,50
2026-01-02,B006,2161.07,366.68,1037.0,33
2026-01-02,B007,2595.71,361.39,1059.86,39
2026-01-02,B008,1911.71,294.23,840.81,28
2026-01-03,B001,5072.01,1865.07,2131.13,86
2026-01-03,B002,3779.77,1012.49,1427.22,64
2026-01-03,B003,2828.12,530.12,1073.4,50
2026-01-03,B004,5068.85,2080.13,1948.45,93
2026-01-03,B005,3471.24,697.72,1461.15,61
2026-01-03,B006,2625.71,439.65,1159.9,38
2026-01-03,B007,2919.69,421.52,1380.58,44
2026-01-03,B008,2295.35,366.95,902.34,36
2026-01-04,B001,5071.53,1791.82,1926.24,88
2026-01-04,B002,3420.51,788.18,1585.73,56
2026-01-04,B003,2883.98,578.02,1260.25,49
2026-01-04,B004,4548.68,2119.22,2032.83,91
2026-01-04,B005,3536.71,851.73,1315.21,56
2026-01-04,B006,2287.97,432.54,919.84,34
2026-01-04,B007,2710.13,370.35,1130.56,40
2026-01-04,B008,2171.84,328.63,940.01,35
2026-01-05,B001,4691.57,1814.17,1879.11,87
2026-01-05,B002,3757.24,1004.49,1819.24,59
2026-01-05,B003,3108.27,630.78,1345.45,51
2026-01-05,B004,4597.0,2054.69,1988.33,91
2026-01-05,B005,3099.91,662.72,1303.79,49
2026-01-05,B006,2335.15,416.73,1143.59,34
2026-01-05,B007,2944.43,378.24,1346.17,50
2026-01-05,B008,2191.5,324.36,877.37,37
2026-01-06,B001,4744.52,1745.65,2276.44,86
2026-01-06,B002,3385.24,842.71,1238.01,55
2026-01-06,B003,3047.68,633.37,1423.37,46
2026-01-06,B004,4620.01,2212.98,2042.93,93
2026-01-06,B005,3636.11,837.54,1690.67,67
2026-01-06,B006,2705.75,446.62,1233.03,39
2026-01-06,B007,2794.27,375.48,1313.18,47
2026-01-06,B008,1986.65,299.44,855.71,28
2026-01-07,B001,4477.88,1785.83,1621.74,79
2026-01-07,B002,3386.66,882.41,1617.96,57
2026-01-07,B003,2988.78,617.71,1232.61,45
2026-01-07,B004,4696.48,1818.43,2194.46,88
2026-01-07,B005,3137.98,681.23,1242.07,55
2026-01-07,B006,2307.4,426.24,1081.99,41
2026-01-07,B007,2900.52,384.82,1172.94,44
2026-01-07,B008,2187.5,353.66,820.56,38
2026-01-08,B001,5332.8,1931.78,2329.63,89
2026-01-08,B002,3948.21,931.91,1613.59,73
2026-01-08,B003,2953.65,599.12,1309.95,44
2026-01-08,B004,4232.6,1921.94,1596.77,92
2026-01-08,B005,3369.23,688.35,1351.13,58
2026-01-08,B006,2812.24,466.39,1120.23,42
2026-01-08,B007,3018.37,410.84,1313.69,48
2026-01-08,B008,2215.21,369.44,1037.0,39
2026-01-09,B001,4551.54,1725.39,1956.86,90
2026-01-09,B002,2992.88,795.33,1387.24,55
2026-01-09,B003,2637.85,534.34,1222.01,47
2026-01-09,B004,4170.06,1690.01,1754.76,88
2026-01-09,B005,3141.78,647.92,1188.15,50
2026-01-09,B006,2133.43,382.77,777.42,33
2026-01-09,B007,2729.63,397.42,985.47,43
2026-01-09,B008,1978.52,298.37,947.14,32
2026-01-10,B001,5075.0,1838.6,1841.35,88
2026-01-10,B002,3764.38,928.89,1550.6,59
2026-01-10,B003,3085.22,569.6,1382.83,52
2026-01-10,B004,4904.1,2287.89,2252.02,89
2026-01-10,B005,3473.36,803.61,1681.17,59
2026-01-10,B006,2568.85,489.8,1220.86,38
2026-01-10,B007,3477.03,448.32,1691.28,50
2026-01-10,B008,2148.81,380.1,1044.63,36
2026-01-11,B001,4984.27,2070.67,2091.56,103
2026-01-11,B002,3258.1,877.88,1300.52,61
2026-01-11,B003,2887.54,507.6,1131.38,44
2026-01-11,B004,4775.65,1988.39,2015.59,95
2026-01-11,B005,3533.11,805.85,1691.19,57
2026-01-11,B006,2579.93,477.99,960.91,45
2026-01-11,B007,3240.66,412.7,1492.4,45
2026-01-11,B008,2269.81,364.33,933.35,39
2026-01-12,B001,4744.63,1945.21,2069.78,96
2026-01-12,B002,3773.85,918.9,1525.32,59
2026-01-12,B003,3147.34,647.44,1397.18,56
2026-01-12,B004,4238.74,1699.03,1765.87,83
2026-01-12,B005,3407.79,716.9,1398.17,52
2026-01-12,B006,2733.95,475.37,1042.35,42
2026-01-12,B007,3264.19,442.28,1210.18,48
2026-01-12,B008,2306.52,396.85,834.01,38
2026-01-13,B001,4940.37,1872.08,2070.56,92
2026-01-13,B002,3458.79,912.14,1381.39,62
2026-01-13,B003,3072.27,619.22,1285.85,51
2026-01-13,B004,4463.96,1841.81,1917.51,88
2026-01-13,B005,3762.91,831.12,1542.23,60
2026-01-13,B006,2390.12,456.69,1043.81,41
2026-01-13,B007,3235.7,459.58,1356.24,55
2026-01-13,B008,2006.22,325.96,817.98,29
2026-01-14,B001,5095.24,1874.08,2057.81,99
2026-01-14,B002,3647.21,853.96,1482.21,68
2026-01-14,B003,3114.48,604.09,1265.85,56
2026-01-14,B004,4734.17,1914.33,1756.03,98
2026-01-14,B005,3540.09,766.67,1400.85,53
2026-01-14,B006,2353.77,441.06,1102.83,36
2026-01-14,B007,3080.64,416.91,1139.68,49
2026-01-14,B008,2370.67,395.85,1125.27,38
2026-01-15,B001,5664.45,2001.9,2722.15,98
2026-01-15,B002,3301.28,901.02,1298.69,55
2026-01-15,B003,3385.77,636.75,1270.12,58
2026-01-15,B004,4462.51,1827.62,1904.71,79
2026-01-15,B005,3812.11,816.36,1606.73,59
2026-01-15,B006,2713.67,504.17,1074.59,42
2026-01-15,B007,3226.71,473.08,1446.11,53
2026-01-15,B008,2048.09,328.11,771.86,34
2026-01-16,B001,4221.17,1820.47,1694.21,87
2026-01-16,B002,3090.73,706.42,1228.31,49
2026-01-16,B003,2717.19,530.9,1094.32,45
2026-01-16,B004,4395.47,1680.68,1776.99,85
2026-01-16,B005,2984.51,686.41,1156.15,48
2026-01-16,B006,2127.5,342.82,1001.62,30
2026-01-16,B007,2768.38,381.72,1120.88,45
2026-01-16,B008,1875.19,293.5,751.94,28
2026-01-17,B001,4535.64,1813.18,1731.14,89
2026-01-17,B002,4171.51,945.33,2029.59,68
2026-01-17,B003,2965.01,610.66,1118.17,47
2026-01-17,B004,5094.21,1987.53,1978.49,86
2026-01-17,B005,3397.8,696.83,1566.65,53
2026-01-17,B006,2545.6,470.62,1054.8,40
2026-01-17,B007,3089.11,410.79,1154.5,44
2026-01-17,B008,2395.53,376.81,1029.19,38
2026-01-18,B001,5206.96,2022.61,2188.53,91
2026-01-18,B002,3938.43,921.93,1565.5,65
2026-01-18,B003,3061.11,547.03,1463.05,50
2026-01-18,B004,4446.41,2119.11,1837.87,86
2026-01-18,B005,3190.43,716.8,1562.86,52
2026-01-18,B006,2751.04,469.57,1079.76,43
2026-01-18,B007,3085.43,389.73,1259.28,45
2026-01-18,B008,2244.74,368.97,1060.07,33
2026-01-19,B001,4568.91,1725.52,2164.32,91
2026-01-19,B002,3917.81,944.97,1559.63,61
2026-01-19,B003,3055.58,553.97,1339.64,44
2026-01-19,B004,4575.23,2179.82,1944.6,100
2026-01-19,B005,3290.94,782.51,1252.88,56
2026-01-19,B006,2297.79,370.26,1029.4,33
2026-01-19,B007,3356.73,488.12,1239.13,53
2026-01-19,B008,2299.44,348.19,1059.94,35
2026-01-20,B001,5044.3,1760.03,2131.24,88
2026-01-20,B002,3472.95,924.94,1597.34,61
2026-01-20,B003,3051.76,597.93,1268.67,54
2026-01-20,B004,4219.16,1711.62,1971.53,76
2026-01-20,B005,3240.99,699.38,1309.94,49
2026-01-20,B006,2399.35,391.67,1064.03,42
2026-01-20,B007,3327.94,453.12,1303.94,54
2026-01-20,B008,2144.42,367.9,967.01,33
2026-01-21,B001,4881.78,2010.54,1851.38,98
2026-01-21,B002,3521.07,856.23,1400.89,54
2026-01-21,B003,3145.93,596.41,1312.43,53
2026-01-21,B004,4627.39,2072.8,1754.0,95
2026-01-21,B005,3617.21,722.09,1401.73,61
2026-01-21,B006,2384.51,438.42,1089.5,34
2026-01-21,B007,3018.35,420.48,1153.47,48
2026-01-21,B008,2352.39,369.78,961.34,34
2026-01-22,B001,5159.2,1861.81,2209.58,102
2026-01-22,B002,3318.06,905.01,1342.18,60
2026-01-22,B003,3019.93,605.95,1397.04,47
2026-01-22,B004,4534.4,1925.3,2170.4,80
2026-01-22,B005,3816.41,884.49,1633.94,67
2026-01-22,B006,2718.05,470.52,1013.42,45
2026-01-22,B007,2929.32,403.33,1258.2,43
2026-01-22,B008,2519.45,376.65,1092.61,41
2026-01-23,B001,4023.74,1649.31,1809.32,74
2026-01-23,B002,3295.26,816.59,1203.53,54
2026-01-23,B003,2502.06,448.71,1170.94,44
2026-01-23,B004,4254.18,1832.64,1565.17,87
2026-01-23,B005,3107.13,677.3,1335.45,48
2026-01-23,B006,2301.54,383.14,863.38,40
2026-01-23,B007,2552.31,350.73,990.17,39
2026-01-23,B008,1941.11,337.43,726.94,28
2026-01-24,B001,5463.16,1983.15,2539.0,98
2026-01-24,B002,3340.1,877.97,1463.55,57
2026-01-24,B003,3196.26,610.46,1545.99,54
2026-01-24,B004,5092.83,2059.55,2015.68,95
2026-01-24,B005,3509.02,843.22,1694.65,59
2026-01-24,B006,2880.79,505.55,1098.18,51
2026-01-24,B007,3186.42,419.14,1530.4,49
2026-01-24,B008,2317.3,355.15,1068.84,34
2026-01-25,B001,4607.75,1792.61,1850.48,86
2026-01-25,B002,3448.66,881.13,1497.51,63
2026-01-25,B003,3208.54,644.71,1510.6,51
2026-01-25,B004,4050.07,1922.8,1974.61,78
2026-01-25,B005,3700.66,776.08,1781.01,61
2026-01-25,B006,2455.18,404.6,990.38,40
2026-01-25,B007,3251.15,439.29,1350.16,51
2026-01-25,B008,2315.89,370.29,1125.36,37
2026-01-26,B001,5038.52,2172.54,2316.29,109
2026-01-26,B002,3371.46,879.71,1342.93,59
2026-01-26,B003,3272.06,602.67,1416.14,56
2026-01-26,B004,4235.94,1816.63,1996.54,89
2026-01-26,B005,3360.53,734.76,1524.89,56
2026-01-26,B006,2292.18,416.7,1030.14,34
2026-01-26,B007,3105.38,406.61,1362.86,49
2026-01-26,B008,2271.53,354.47,926.85,33
2026-01-27,B001,4619.32,1653.66,2113.24,88
2026-01-27,B002,3601.81,838.6,1367.08,63
2026-01-27,B003,2846.85,516.14,1236.83,43
2026-01-27,B004,4272.66,1844.15,1700.02,92
2026-01-27,B005,3149.88,730.4,1425.26,55
2026-01-27,B006,2744.34,479.37,1303.55,47
2026-01-27,B007,3084.37,417.6,1243.9,46
2026-01-27,B008,2077.91,353.95,754.3,36
2026-01-28,B001,4845.52,1841.23,2050.75,100
2026-01-28,B002,3914.81,981.1,1417.58,67
2026-01-28,B003,3055.9,615.45,1414.02,50
2026-01-28,B004,4526.25,1999.96,2061.6,87
2026-01-28,B005,3677.36,812.23,1705.62,56
2026-01-28,B006,2742.89,494.1,1341.5,41
2026-01-28,B007,3274.92,440.98,1296.84,51
2026-01-28,B008,2297.1,384.45,848.76,35
2026-01-29,B001,4930.53,1929.26,2218.92,87
2026-01-29,B002,3395.36,861.57,1225.13,54
2026-01-29,B003,3037.9,570.64,1195.87,52
2026-01-29,B004,4906.38,2020.38,2058.27,90
2026-01-29,B005,3701.32,789.56,1756.05,56
2026-01-29,B006,2808.17,468.37,1077.23,49
2026-01-29,B007,3272.26,474.39,1509.59,50
2026-01-29,B008,2222.61,349.45,866.62,37
2026-01-30,B001,4170.54,1594.72,1648.37,71
2026-01-30,B002,3142.03,729.34,1498.29,53
2026-01-30,B003,2653.04,499.96,1211.68,41
2026-01-30,B004,3887.09,1645.72,1601.07,80
2026-01-30,B005,3312.95,670.27,1268.08,49
2026-01-30,B006,2052.35,379.8,770.96,33
2026-01-30,B007,2778.64,396.2,1114.78,46
2026-01-30,B008,2064.1,327.29,811.58,35
2026-01-31,B001,5222.79,1815.3,2425.69,97
2026-01-31,B002,3597.58,981.03,1686.36,63
2026-01-31,B003,3037.98,634.59,1127.03,48
2026-01-31,B004,4598.83,1958.05,2224.32,93
2026-01-31,B005,3550.6,725.44,1393.15,57
2026-01-31,B006,2449.78,448.28,1124.69,43
2026-01-31,B007,3405.14,495.52,1518.43,54
2026-01-31,B008,2156.05,329.77,1038.61,31
2026-02-01,B001,5057.53,2105.12,1940.12,89
2026-02-01,B002,3385.72,846.02,1353.57,56
2026-02-01,B003,2962.96,545.24,1368.37,49
2026-02-01,B004,5023.45,1930.79,2377.92,86
2026-02-01,B005,3400.2,760.78,1456.23,61
2026-02-01,B006,2779.81,453.32,1357.84,48
2026-02-01,B007,3067.17,455.4,1445.55,47
2026-02-01,B008,2246.23,375.01,899.58,36
2026-02-02,B001,5443.0,1945.79,2423.93,103
2026-02-02,B002,3794.2,944.34,1735.21,60
2026-02-02,B003,2953.96,523.43,1425.28,50
2026-02-02,B004,4257.93,1660.38,1756.39,74
2026-02-02,B005,3345.96,689.78,1491.35,57
2026-02-02,B006,2632.4,466.28,1145.18,39
2026-02-02,B007,3306.06,420.88,1371.56,49
2026-02-02,B008,2431.82,361.98,1161.88,39
2026-02-03,B001,4566.2,1658.73,1751.97,91
2026-02-03,B002,3903.16,910.68,1568.79,64
2026-02-03,B003,2988.86,583.32,1393.43,47
2026-02-03,B004,4568.64,1832.81,2013.72,86
2026-02-03,B005,3317.69,766.79,1592.84,57
2026-02-03,B006,2404.38,449.04,1017.91,38
2026-02-03,B007,3210.33,451.19,1298.61,49
2026-02-03,B008,2144.85,358.44,1041.15,37
2026-02-04,B001,4674.66,1800.77,1750.42,87
2026-02-04,B002,3941.62,947.67,1642.48,60
2026-02-04,B003,3326.93,634.27,1369.64,49
2026-02-04,B004,5083.78,2029.93,2385.32,102
2026-02-04,B005,3689.38,786.9,1616.4,65
2026-02-04,B006,2543.37,474.41,1035.52,43
2026-02-04,B007,3399.85,466.22,1389.45,57
2026-02-04,B008,2266.69,377.13,1064.49,34
2026-02-05,B001,4644.3,1988.62,2040.04,83
2026-02-05,B002,4061.92,1108.32,1618.86,64
2026-02-05,B003,3484.01,659.58,1315.9,51
2026-02-05,B004,4314.44,1745.71,1864.91,85
2026-02-05,B005,3672.46,879.58,1350.36,63
2026-02-05,B006,2806.79,520.17,1304.9,41
2026-02-05,B007,3063.74,439.67,1360.27,48
2026-02-05,B008,2486.27,372.76,1206.43,41
2026-02-06,B001,4797.9,1713.3,2188.59,80
2026-02-06,B002,3149.95,814.8,1445.44,60
2026-02-06,B003,2660.99,468.95,1175.39,43
2026-02-06,B004,4176.09,1708.57,1571.18,76
2026-02-06,B005,2777.92,667.76,1328.86,48
2026-02-06,B006,2477.52,427.49,1178.92,43
2026-02-06,B007,2729.08,377.91,1293.34,40
2026-02-06,B008,2067.28,319.42,771.92,29
2026-02-07,B001,5215.03,2072.98,2123.2,91
2026-02-07,B002,3974.93,1087.54,1648.87,66
2026-02-07,B003,3068.55,609.6,1214.72,53
2026-02-07,B004,4754.08,2000.25,2228.33,83
2026-02-07,B005,3328.15,774.66,1303.16,56
2026-02-07,B006,2779.74,454.38,1282.91,42
2026-02-07,B007,3270.89,473.6,1337.32,50
2026-02-07,B008,2248.19,372.92,981.88,33
2026-02-08,B001,5371.17,2124.06,2015.65,96
2026-02-08,B002,3716.42,1005.37,1541.71,65
2026-02-08,B003,2988.41,600.74,1406.91,48
2026-02-08,B004,4425.58,2093.46,2061.04,86
2026-02-08,B005,3697.66,737.78,1603.68,67
2026-02-08,B006,2327.1,443.57,1080.35,36
2026-02-08,B007,3369.85,439.04,1571.66,53
2026-02-08,B008,2112.65,340.47,773.68,33
2026-02-09,B001,5517.41,2034.38,2555.52,109
2026-02-09,B002,3715.04,895.91,1531.23,64
2026-02-09,B003,3290.67,669.84,1327.42,52
2026-02-09,B004,4654.4,2151.67,1813.28,86
2026-02-09,B005,3659.1,825.18,1466.13,61
2026-02-09,B006,2519.02,424.97,1138.5,41
2026-02-09,B007,3298.39,482.43,1511.06,46
2026-02-09,B008,2045.93,338.14,978.26,31
2026-02-10,B001,4934.71,2030.33,2121.79,96
2026-02-10,B002,3492.85,802.86,1528.94,54
2026-02-10,B003,2947.71,584.71,1265.36,49
2026-02-10,B004,5067.02,1980.04,2453.91,89
2026-02-10,B005,3369.96,749.89,1249.2,50
2026-02-10,B006,2325.77,414.14,1039.1,39
2026-02-10,B007,3111.45,450.19,1517.84,51
2026-02-10,B008,2307.49,355.93,834.42,38
2026-02-11,B001,4452.05,1774.83,2087.7,86
2026-02-11,B002,3722.58,914.38,1750.46,62
2026-02-11,B003,3310.18,688.9,1513.03,52
2026-02-11,B004,4888.02,2243.24,1927.16,99
2026-02-11,B005,3858.51,817.45,1568.17,57
2026-02-11,B006,2713.37,523.27,1063.9,43
2026-02-11,B007,2876.41,426.9,1328.75,45
2026-02-11,B008,2126.2,366.07,932.41,32
2026-02-12,B001,5336.75,2142.87,2305.63,91
2026-02-12,B002,3934.59,897.29,1732.97,65
2026-02-12,B003,3573.5,638.48,1546.59,56
2026-02-12,B004,4364.48,1806.01,2063.46,90
2026-02-12,B005,3325.18,761.33,1443.35,50
2026-02-12,B006,2785.85,490.77,1257.95,40
2026-02-12,B007,3608.14,466.7,1511.0,55
2026-02-12,B008,2234.57,368.5,1058.91,32
2026-02-13,B001,4049.04,1588.52,1816.28,79
2026-02-13,B002,3268.02,851.96,1328.73,61
2026-02-13,B003,2806.96,537.69,1277.02,43
2026-02-13,B004,3784.44,1659.8,1735.72,79
2026-02-13,B005,3200.99,701.97,1202.08,58
2026-02-13,B006,2266.11,434.14,929.94,37
2026-02-13,B007,2898.69,369.5,1172.89,48
2026-02-13,B008,2023.27,352.83,859.81,34
2026-02-14,B001,5152.5,1884.06,2515.1,92
2026-02-14,B002,4002.72,1005.46,1451.59,66
2026-02-14,B003,2973.74,552.79,1135.69,43
2026-02-14,B004,4935.27,1883.51,2023.55,103
2026-02-14,B005,3674.81,863.95,1779.5,66
2026-02-14,B006,2524.55,422.08,1022.15,37
2026-02-14,B007,3535.16,490.83,1536.44,50
2026-02-14,B008,2517.7,385.47,955.09,37
2026-02-15,B001,4635.12,1622.95,1992.58,77
2026-02-15,B002,3925.16,944.6,1561.77,68
2026-02-15,B003,3099.26,635.89,1316.24,49
2026-02-15,B004,4875.79,2296.18,2349.72,89
2026-02-15,B005,3464.04,752.69,1299.47,56
2026-02-15,B006,2523.09,423.57,1176.48,43
2026-02-15,B007,3098.38,411.66,1484.62,43
2026-02-15,B008,2402.72,406.33,1127.06,42
2026-02-16,B001,4945.27,1993.76,1986.38,93
2026-02-16,B002,3711.93,908.43,1599.95,67
2026-02-16,B003,3124.02,561.14,1508.13,51
2026-02-16,B004,4639.22,1803.73,1684.49,95
2026-02-16,B005,3641.04,769.19,1780.46,56
2026-02-16,B006,2675.95,474.68,977.82,39
2026-02-16,B007,3023.94,418.93,1442.53,46
2026-02-16,B008,2339.2,383.23,856.47,38
2026-02-17,B001,4534.37,1950.67,1663.28,82
2026-02-17,B002,3846.97,966.36,1474.07,67
2026-02-17,B003,3428.77,603.77,1657.8,50
2026-02-17,B004,4906.26,1903.28,1896.12,98
2026-02-17,B005,3150.69,749.43,1218.63,51
2026-02-17,B006,2339.05,392.75,1089.47,34
2026-02-17,B007,3422.17,508.43,1599.71,55
2026-02-17,B008,2051.28,311.87,804.11,31
2026-02-18,B001,5389.43,2060.12,2339.93,93
2026-02-18,B002,3408.26,917.59,1553.36,61
2026-02-18,B003,3087.74,578.49,1223.21,46
2026-02-18,B004,4869.23,2081.2,2132.81,91
2026-02-18,B005,3689.01,801.76,1645.98,65
2026-02-18,B006,2353.55,447.14,996.75,41
2026-02-18,B007,3017.1,444.92,1186.76,45
2026-02-18,B008,2189.75,358.88,869.36,34
2026-02-19,B001,4892.87,1745.57,2284.84,83
2026-02-19,B002,3869.58,967.0,1457.0,59
2026-02-19,B003,3029.9,547.54,1418.91,52
2026-02-19,B004,4906.31,2253.13,1920.47,94
2026-02-19,B005,3412.52,763.32,1246.72,52
2026-02-19,B006,2537.56,423.59,1018.4,39
2026-02-19,B007,3590.88,475.59,1736.39,50
2026-02-19,B008,2180.76,364.56,896.01,37
2026-02-20,B001,4322.14,1522.16,1659.34,85
2026-02-20,B002,3153.44,847.79,1163.68,57
2026-02-20,B003,2821.72,501.35,1369.5,50
2026-02-20,B004,4206.4,1765.86,1806.46,79
2026-02-20,B005,3408.03,729.27,1290.46,61
2026-02-20,B006,2214.55,395.43,1031.5,33
2026-02-20,B007,2584.36,334.87,1141.45,39
2026-02-20,B008,2008.4,352.21,967.72,31
2026-02-21,B001,4930.51,1967.23,2063.21,88
2026-02-21,B002,3942.77,955.35,1925.79,67
2026-02-21,B003,3034.05,581.93,1234.31,53
2026-02-21,B004,5007.69,1989.9,2432.53,85
2026-02-21,B005,3655.38,728.64,1698.69,64
2026-02-21,B006,2797.28,497.5,1089.56,45
2026-02-21,B007,3522.96,467.6,1699.63,55
2026-02-21,B008,2443.74,393.67,1003.15,40
2026-02-22,B001,4852.12,1844.8,2203.01,97
2026-02-22,B002,3501.42,822.53,1658.16,56
2026-02-22,B003,3386.69,651.02,1555.56,56
2026-02-22,B004,4811.84,1929.78,1820.67,100
2026-02-22,B005,3370.72,788.54,1552.88,55
2026-02-22,B006,2435.73,434.02,926.49,40
2026-02-22,B007,3196.7,410.75,1334.9,47
2026-02-22,B008,2331.62,363.65,1065.5,36
2026-02-23,B001,4682.97,1781.68,2161.85,93
2026-02-23,B002,3612.1,970.48,1361.66,57
2026-02-23,B003,3402.54,662.02,1550.17,51
2026-02-23,B004,4658.0,2129.85,1728.8,103
2026-02-23,B005,3196.55,750.56,1280.95,49
2026-02-23,B006,2425.8,405.14,1138.4,39
2026-02-23,B007,3418.22,473.21,1598.61,53
2026-02-23,B008,2172.3,327.68,940.7,31
2026-02-24,B001,4677.98,1785.11,2007.79,85
2026-02-24,B002,3734.57,927.97,1821.83,61
2026-02-24,B003,3426.12,673.07,1298.72,56
2026-02-24,B004,4947.89,1948.21,2026.28,96
2026-02-24,B005,3193.95,727.02,1489.44,48
2026-02-24,B006,2396.91,454.71,1165.23,35
2026-02-24,B007,3182.52,464.66,1554.39,45
2026-02-24,B008,2092.55,328.04,860.39,35
2026-02-25,B001,5398.14,2237.52,2412.74,94
2026-02-25,B002,3780.56,1031.52,1401.83,64
2026-02-25,B003,2807.33,575.04,1163.09,49
2026-02-25,B004,5021.71,2003.79,1990.76,95
2026-02-25,B005,3500.67,830.17,1283.91,62
2026-02-25,B006,2568.46,447.55,938.15,39
2026-02-25,B007,3336.71,451.54,1236.02,51
2026-02-25,B008,2453.9,408.73,1117.76,43
2026-02-26,B001,4955.18,2104.72,2028.66,106
2026-02-26,B002,4020.95,972.41,1867.36,63
2026-02-26,B003,3228.07,596.47,1557.79,49
2026-02-26,B004,4835.29,2066.98,1908.33,86
2026-02-26,B005,3375.75,765.19,1355.09,56
2026-02-26,B006,2837.91,529.93,1061.14,50
2026-02-26,B007,3238.37,414.02,1503.22,47
2026-02-26,B008,2135.54,316.57,992.83,31
2026-02-27,B001,4608.73,1658.24,2034.28,78
2026-02-27,B002,3456.81,914.23,1292.01,64
2026-02-27,B003,2585.19,515.67,957.94,46
2026-02-27,B004,4563.68,1741.35,2112.56,90
2026-02-27,B005,2889.47,612.19,1239.04,48
2026-02-27,B006,2496.96,449.41,959.3,42
2026-02-27,B007,2867.13,417.13,1055.0,48
2026-02-27,B008,1865.72,286.78,706.56,29
2026-02-28,B001,5634.82,2289.92,2543.41,118
2026-02-28,B002,3637.02,1000.52,1386.12,61
2026-02-28,B003,3342.73,637.52,1327.41,55
2026-02-28,B004,5014.92,2266.81,2151.26,95
2026-02-28,B005,3491.45,804.79,1286.27,64
2026-02-28,B006,2814.16,507.86,1312.25,49
2026-02-28,B007,3459.32,490.35,1250.75,51
2026-02-28,B008,2356.04,413.58,958.89,36
2026-03-01,B001,5334.05,1879.5,2102.24,91
2026-03-01,B002,3883.69,967.13,1650.42,62
2026-03-01,B003,3499.83,627.68,1527.12,62
2026-03-01,B004,4480.11,1904.7,1881.7,79
2026-03-01,B005,3908.11,851.8,1863.71,65
2026-03-01,B006,2731.84,474.81,992.16,47
2026-03-01,B007,3026.68,449.88,1338.35,48
2026-03-01,B008,2372.92,397.96,907.55,37
2026-03-02,B001,4818.8,1709.41,1979.89,95
2026-03-02,B002,3363.38,822.8,1343.53,52
2026-03-02,B003,2983.48,566.82,1354.75,49
2026-03-02,B004,5136.39,2034.05,2496.2,107
2026-03-02,B005,3279.21,695.16,1383.73,56
2026-03-02,B006,2802.9,523.14,1160.75,50
2026-03-02,B007,3078.1,393.88,1360.4,45
2026-03-02,B008,2102.57,318.91,833.98,31
2026-03-03,B001,5207.56,2192.82,2124.91,91
2026-03-03,B002,3677.94,904.27,1424.21,64
2026-03-03,B003,3409.57,626.38,1633.34,49
2026-03-03,B004,4855.36,2107.13,2112.27,98
2026-03-03,B005,3324.22,704.5,1470.13,49
2026-03-03,B006,2666.01,447.35,1243.84,42
2026-03-03,B007,3192.78,397.73,1361.48,53
2026-03-03,B008,2334.85,350.8,989.56,36
2026-03-04,B001,5260.51,2260.2,2075.7,103
2026-03-04,B002,3957.77,945.55,1498.41,62
2026-03-04,B003,2984.82,583.01,1201.51,45
2026-03-04,B004,4706.91,1857.94,1861.39,92
2026-03-04,B005,3641.61,805.05,1701.13,58
2026-03-04,B006,2678.47,439.25,1219.63,40
2026-03-04,B007,2966.85,426.7,1177.01,43
2026-03-04,B008,2429.23,359.92,956.94,41
2026-03-05,B001,4684.76,1883.83,2150.81,98
2026-03-05,B002,4231.64,984.39,1867.7,70
2026-03-05,B003,3495.84,616.71,1382.82,58
2026-03-05,B004,5012.07,2125.19,1910.49,105
2026-03-05,B005,3392.06,798.73,1464.81,58
2026-03-05,B006,2819.8,502.31,1245.66,44
2026-03-05,B007,3252.19,429.55,1524.27,55
2026-03-05,B008,2372.79,391.2,1126.66,41
2026-03-06,B001,4721.46,1689.28,1738.93,96
2026-03-06,B002,3221.94,877.66,1258.33,53
2026-03-06,B003,2697.77,505.33,1234.53,43
2026-03-06,B004,4091.42,1763.37,1814.28,81
2026-03-06,B005,3311.77,772.06,1385.33,60
2026-03-06,B006,2195.94,368.64,974.6,34
2026-03-06,B007,2531.4,366.87,985.52,43
2026-03-06,B008,1896.97,289.03,897.57,30
2026-03-07,B001,4964.44,2042.21,2219.77,106
2026-03-07,B002,3827.87,989.66,1724.94,64
2026-03-07,B003,3376.21,607.74,1471.2,60
2026-03-07,B004,4968.11,2169.12,2026.27,89
2026-03-07,B005,3501.03,773.96,1676.91,55
2026-03-07,B006,2736.46,483.89,1042.0,47
2026-03-07,B007,3395.4,449.13,1366.71,55
2026-03-07,B008,2275.04,338.28,997.46,34
2026-03-08,B001,5072.33,1931.47,1947.92,105
2026-03-08,B002,3835.1,1031.63,1480.42,65
2026-03-08,B003,3355.05,660.38,1594.54,51
2026-03-08,B004,4628.14,1787.45,2042.84,85
2026-03-08,B005,3399.0,747.74,1360.58,60
2026-03-08,B006,2517.33,444.2,1141.84,38
2026-03-08,B007,3166.5,423.24,1450.26,44
2026-03-08,B008,2284.86,392.53,1020.68,33
2026-03-09,B001,4720.32,1679.29,1699.48,96
2026-03-09,B002,3381.65,807.58,1217.4,57
2026-03-09,B003,3497.85,615.76,1426.59,54
2026-03-09,B004,4972.59,2250.9,2031.14,102
2026-03-09,B005,3490.04,697.71,1310.9,61
2026-03-09,B006,2791.37,538.03,1336.77,49
2026-03-09,B007,3241.87,478.8,1501.18,46
2026-03-09,B008,2133.98,322.6,969.31,34
2026-03-10,B001,5358.04,2175.05,2119.15,114
2026-03-10,B002,3365.32,873.85,1305.78,59
2026-03-10,B003,2877.75,541.11,1210.21,50
2026-03-10,B004,4059.18,1902.1,1807.79,73
2026-03-10,B005,3701.89,847.58,1430.23,65
2026-03-10,B006,2872.24,477.36,1291.53,42
2026-03-10,B007,3539.27,443.02,1533.27,50
2026-03-10,B008,2334.44,400.83,1057.56,35
2026-03-11,B001,4944.94,1751.54,2016.29,85
2026-03-11,B002,3564.78,963.98,1619.85,61
2026-03-11,B003,3263.37,610.61,1420.96,54
2026-03-11,B004,4978.81,2266.58,1887.93,94
2026-03-11,B005,3719.41,801.82,1803.84,67
2026-03-11,B006,2388.8,455.66,1060.41,39
2026-03-11,B007,3201.75,450.97,1522.96,51
2026-03-11,B008,2502.63,380.75,1012.1,38
2026-03-12,B001,5376.21,2257.52,2336.4,94
2026-03-12,B002,4135.44,1012.52,1931.45,64
2026-03-12,B003,3320.7,634.87,1443.88,56
2026-03-12,B004,4712.35,2230.13,2149.6,90
2026-03-12,B005,3740.81,793.36,1753.47,63
2026-03-12,B006,2699.87,505.35,1048.85,45
2026-03-12,B007,3239.16,462.02,1210.91,49
2026-03-12,B008,2484.12,434.44,955.1,44
2026-03-13,B001,4694.19,1827.35,1755.69,95
2026-03-13,B002,3604.86,855.16,1488.07,56
2026-03-13,B003,2538.39,512.75,921.58,46
2026-03-13,B004,3844.83,1531.91,1772.04,80
2026-03-13,B005,3447.78,745.33,1401.44,58
2026-03-13,B006,2210.7,381.91,855.76,36
2026-03-13,B007,2860.25,388.51,1258.3,49
2026-03-13,B008,1813.24,285.32,660.08,27
2026-03-14,B001,5662.49,2145.6,2435.28,116
2026-03-14,B002,3986.36,967.08,1938.48,67
2026-03-14,B003,2992.85,568.7,1429.88,48
2026-03-14,B004,4995.24,1942.42,2268.62,90
2026-03-14,B005,3662.35,843.34,1433.37,55
2026-03-14,B006,2589.98,481.09,1220.15,44
2026-03-14,B007,3295.68,409.82,1241.45,46
2026-03-14,B008,2562.91,412.91,1089.93,41
2026-03-15,B001,5278.21,2001.98,2534.85,95
2026-03-15,B002,3755.71,976.45,1591.83,59
2026-03-15,B003,2975.04,544.18,1199.19,52
2026-03-15,B004,4211.04,1947.2,1624.98,83
2026-03-15,B005,3743.1,871.38,1788.09,59
2026-03-15,B006,2455.42,420.32,1101.98,36
2026-03-15,B007,3023.83,408.2,1364.05,43
2026-03-15,B008,2087.72,355.16,1008.51,33
2026-03-16,B001,5023.19,1896.06,2264.75,104
2026-03-16,B002,3846.45,987.68,1437.89,66
2026-03-16,B003,3214.77,603.29,1184.56,54
2026-03-16,B004,5096.63,2113.88,2100.69,89
2026-03-16,B005,3907.85,795.22,1489.12,63
2026-03-16,B006,2546.4,491.96,1040.28,43
2026-03-16,B007,2899.12,416.31,1113.6,46
2026-03-16,B008,2163.29,329.27,816.25,32
2026-03-17,B001,4677.0,1645.73,2162.89,93
2026-03-17,B002,3862.11,872.51,1832.38,69
2026-03-17,B003,3369.19,678.91,1295.54,55
2026-03-17,B004,4740.08,1850.27,1945.43,87
2026-03-17,B005,3853.41,788.18,1450.82,63
2026-03-17,B006,2384.9,421.93,1164.68,37
2026-03-17,B007,3016.76,430.44,1415.37,48
2026-03-17,B008,2182.61,326.53,908.28,31
2026-03-18,B001,5486.78,1916.18,2454.32,92
2026-03-18,B002,3748.33,1006.88,1714.19,70
2026-03-18,B003,3316.98,679.15,1472.69,51
2026-03-18,B004,4287.16,1879.2,1703.68,79
2026-03-18,B005,3301.75,664.37,1225.05,49
2026-03-18,B006,2695.84,464.09,1108.32,43
2026-03-18,B007,3361.19,493.42,1342.64,52
2026-03-18,B008,2153.63,380.19,918.5,35
2026-03-19,B001,5573.53,2259.33,2510.22,97
2026-03-19,B002,3987.7,1011.72,1678.87,74
2026-03-19,B003,3194.44,610.44,1412.19,54
2026-03-19,B004,4669.19,1898.07,1856.3,88
2026-03-19,B005,3978.61,943.75,1725.05,69
2026-03-19,B006,2892.75,512.18,1196.15,48
2026-03-19,B007,3262.54,457.81,1500.38,46
2026-03-19,B008,2497.73,391.18,1122.29,40
2026-03-20,B001,4531.09,1692.83,2101.27,83
2026-03-20,B002,3375.09,908.22,1495.22,62
2026-03-20,B003,3006.3,538.39,1335.32,48
2026-03-20,B004,3876.4,1655.38,1531.94,74
2026-03-20,B005,2925.23,655.45,1149.12,44
2026-03-20,B006,2557.55,409.72,983.53,37
2026-03-20,B007,3057.43,413.5,1494.5,46
2026-03-20,B008,2037.75,313.31,747.1,32
2026-03-21,B001,5723.94,2273.38,2415.09,111
2026-03-21,B002,3649.24,887.15,1693.86,68
2026-03-21,B003,3149.78,605.51,1243.83,48
2026-03-21,B004,5166.15,2309.79,1997.42,93
2026-03-21,B005,3387.95,720.26,1494.65,58
2026-03-21,B006,2563.17,462.43,1112.88,43
2026-03-21,B007,3335.91,483.29,1266.72,51
2026-03-21,B008,2208.34,380.11,1031.88,37
2026-03-22,B001,5022.32,2156.12,1867.57,92
2026-03-22,B002,3558.19,887.1,1325.21,56
2026-03-22,B003,3181.42,567.78,1217.09,54
2026-03-22,B004,4350.25,1755.03,1740.55,81
2026-03-22,B005,3545.8,735.25,1322.75,64
2026-03-22,B006,2566.71,473.48,1052.3,40
2026-03-22,B007,3119.08,428.52,1233.05,44
2026-03-22,B008,2397.74,392.07,963.58,38
2026-03-23,B001,5059.88,2118.8,2220.54,100
2026-03-23,B002,3773.54,981.22,1543.74,60
2026-03-23,B003,3066.41,573.55,1203.07,52
2026-03-23,B004,4358.75,1911.22,1835.31,94
2026-03-23,B005,3384.9,771.87,1417.57,53
2026-03-23,B006,2542.19,438.6,1077.44,38
2026-03-23,B007,3491.88,440.94,1372.8,56
2026-03-23,B008,2495.16,404.57,952.93,36
2026-03-24,B001,5167.03,2053.93,2404.31,91
2026-03-24,B002,3590.23,944.85,1334.48,56
2026-03-24,B003,3345.34,583.34,1238.79,49
2026-03-24,B004,4660.98,1904.44,2198.14,93
2026-03-24,B005,3420.77,723.48,1462.95,59
2026-03-24,B006,2370.39,430.53,1095.01,34
2026-03-24,B007,3506.69,450.21,1512.2,49
2026-03-24,B008,2131.7,367.05,821.56,32
2026-03-25,B001,4730.44,1680.65,2205.56,93
2026-03-25,B002,3662.99,964.03,1663.06,68
2026-03-25,B003,3059.99,529.12,1441.88,46
2026-03-25,B004,4805.1,1840.91,2044.98,99
2026-03-25,B005,3308.33,678.04,1247.9,50
2026-03-25,B006,2670.53,451.81,1046.72,45
2026-03-25,B007,2966.49,386.1,1314.8,43
2026-03-25,B008,2242.05,331.51,941.44,33
2026-03-26,B001,5478.1,2080.99,2357.72,104
2026-03-26,B002,4162.56,1134.56,1690.05,70
2026-03-26,B003,3442.03,687.29,1473.36,57
2026-03-26,B004,4829.18,2069.52,2243.78,100
2026-03-26,B005,3664.3,772.95,1607.06,61
2026-03-26,B006,2665.4,454.03,1028.4,47
2026-03-26,B007,3275.5,457.94,1241.85,47
2026-03-26,B008,2467.92,412.94,985.33,41
2026-03-27,B001,4085.78,1494.15,1704.07,76
2026-03-27,B002,3209.99,864.82,1348.93,56
2026-03-27,B003,3009.35,617.09,1444.36,51
2026-03-27,B004,3727.87,1584.94,1529.37,69
2026-03-27,B005,3241.47,691.48,1382.92,53
2026-03-27,B006,2473.14,434.75,1003.66,42
2026-03-27,B007,3076.52,394.23,1504.34,51
2026-03-27,B008,1928.6,286.53,749.13,30
2026-03-28,B001,4785.14,1821.18,2219.38,90
2026-03-28,B002,3779.67,861.55,1614.71,68
2026-03-28,B003,3269.72,654.33,1192.47,50
2026-03-28,B004,5024.68,2186.24,1852.84,88
2026-03-28,B005,3626.4,821.13,1512.87,57
2026-03-28,B006,2496.46,475.37,928.97,41
2026-03-28,B007,3291.18,411.79,1314.43,46
2026-03-28,B008,2398.17,384.43,1120.83,41
2026-03-29,B001,5180.3,1906.59,2481.83,107
2026-03-29,B002,4036.13,962.15,1706.26,75
2026-03-29,B003,3438.26,708.6,1458.35,62
2026-03-29,B004,4477.95,2099.26,1971.12,81
2026-03-29,B005,3955.62,827.66,1711.25,60
2026-03-29,B006,2515.86,457.82,1077.98,39
2026-03-29,B007,3409.1,472.48,1529.79,49
2026-03-29,B008,2136.39,368.33,889.6,36
2026-03-30,B001,5568.27,2070.65,2708.74,93
2026-03-30,B002,3753.62,995.71,1477.02,60
2026-03-30,B003,3425.73,617.89,1659.09,55
2026-03-30,B004,4438.76,1732.46,1910.83,86
2026-03-30,B005,3557.8,755.41,1318.33,63
2026-03-30,B006,2875.35,466.49,1152.48,42
2026-03-30,B007,3138.29,452.63,1192.63,49
2026-03-30,B008,2492.98,377.29,973.86,36
2026-03-31,B001,4903.22,2106.7,2140.23,97
2026-03-31,B002,3556.01,908.75,1356.39,65
2026-03-31,B003,3138.93,550.98,1163.51,47
2026-03-31,B004,4174.0,1805.41,1769.96,89
2026-03-31,B005,3796.65,857.6,1856.33,70
2026-03-31,B006,2391.56,461.0,974.99,37
2026-03-31,B007,3421.16,454.45,1486.01,58
2026-03-31,B008,2219.08,330.63,967.01,31
2026-04-01,B001,5067.64,2114.39,1951.0,105
2026-04-01,B002,4163.81,960.51,1820.16,68
2026-04-01,B003,3410.98,623.21,1256.75,53
2026-04-01,B004,4375.65,1937.38,1973.38,93
2026-04-01,B005,3792.24,757.66,1785.31,59
2026-04-01,B006,2789.95,479.31,1188.95,46
2026-04-01,B007,3340.24,447.31,1552.89,54
2026-04-01,B008,2193.18,345.56,858.17,37
2026-04-02,B001,5023.17,1775.55,2192.11,100
2026-04-02,B002,3894.66,906.32,1439.26,61
2026-04-02,B003,3334.96,661.86,1389.32,59
2026-04-02,B004,4816.2,2279.43,2079.52,94
2026-04-02,B005,3525.08,769.76,1284.54,63
2026-04-02,B006,2517.87,405.65,1185.66,42
2026-04-02,B007,3120.86,425.39,1390.6,49
2026-04-02,B008,2299.15,348.96,925.4,33
2026-04-03,B001,4430.05,1652.7,2122.06,81
2026-04-03,B002,2926.39,773.51,1416.54,51
2026-04-03,B003,3102.48,551.77,1473.52,52
2026-04-03,B004,4039.03,1917.7,1930.45,77
2026-04-03,B005,3319.5,747.46,1502.0,52
2026-04-03,B006,2074.49,364.9,969.12,33
2026-04-03,B007,2664.04,352.26,1187.17,39
2026-04-03,B008,1989.38,347.57,973.15,31
2026-04-04,B001,5397.08,2068.64,2609.36,95
2026-04-04,B002,4042.6,1020.19,1738.49,65
2026-04-04,B003,3203.12,599.38,1414.23,48
2026-04-04,B004,4678.16,2182.87,2249.15,85
2026-04-04,B005,3560.36,753.54,1555.22,59
2026-04-04,B006,2840.26,458.26,1107.22,41
2026-04-04,B007,3181.72,415.46,1364.95,54
2026-04-04,B008,2342.84,374.1,974.39,33
2026-04-05,B001,5436.05,2009.15,2532.52,100
2026-04-05,B002,3664.5,1000.58,1697.77,61
2026-04-05,B003,3285.5,573.03,1605.14,56
2026-04-05,B004,4860.92,1983.54,1823.15,98
2026-04-05,B005,3660.17,776.74,1577.01,64
2026-04-05,B006,2386.33,432.81,1152.73,43
2026-04-05,B007,2947.91,420.32,1160.19,44
2026-04-05,B008,2207.7,386.83,853.35,38
2026-04-06,B001,4522.85,1932.29,1810.2,86
2026-04-06,B002,3342.79,917.98,1582.87,53
2026-04-06,B003,2986.16,599.24,1383.41,44
2026-04-06,B004,5207.32,2039.58,2180.14,107
2026-04-06,B005,3799.91,828.48,1428.28,60
2026-04-06,B006,2378.41,442.74,965.45,39
2026-04-06,B007,2972.73,438.49,1350.48,42
2026-04-06,B008,2465.29,421.36,1205.47,42
2026-04-07,B001,4887.7,1910.12,2197.7,98
2026-04-07,B002,3945.45,957.22,1594.84,68
2026-04-07,B003,2923.96,558.26,1361.21,50
2026-04-07,B004,4312.04,1906.64,1985.91,80
2026-04-07,B005,3986.29,828.83,1775.55,60
2026-04-07,B006,2766.25,477.84,1226.91,47
2026-04-07,B007,2910.28,393.46,1049.11,46
2026-04-07,B008,2456.64,411.03,1017.1,36
2026-04-08,B001,5403.6,2274.34,2005.16,97
2026-04-08,B002,3833.51,885.98,1447.72,64
2026-04-08,B003,3336.27,616.29,1472.1,59
2026-04-08,B004,5013.39,2059.87,2008.2,89
2026-04-08,B005,3911.62,785.23,1560.84,58
2026-04-08,B006,2497.53,430.78,948.8,41
2026-04-08,B007,3173.04,399.51,1361.31,53
2026-04-08,B008,2205.25,327.51,1075.2,36
2026-04-09,B001,5351.67,2256.12,2574.6,101
2026-04-09,B002,3832.94,881.89,1511.51,66
2026-04-09,B003,3120.73,562.13,1448.17,53
2026-04-09,B004,4501.6,2083.44,1942.56,88
2026-04-09,B005,3962.98,878.24,1724.12,63
2026-04-09,B006,2763.99,469.28,1316.74,41
2026-04-09,B007,2994.47,439.72,1241.57,45
2026-04-09,B008,2172.24,325.56,1049.99,33
2026-04-10,B001,4102.2,1587.15,1727.02,79
2026-04-10,B002,3115.29,793.03,1348.78,50
2026-04-10,B003,2597.54,508.83,1127.26,39
2026-04-10,B004,4327.91,1656.55,1680.94,77
2026-04-10,B005,3406.64,801.57,1452.11,51
2026-04-10,B006,2326.42,393.14,1077.84,35
2026-04-10,B007,2636.73,362.67,969.57,43
2026-04-10,B008,1872.08,306.33,757.73,30
2026-04-11,B001,5212.14,2216.81,2071.28,106
2026-04-11,B002,3597.73,885.13,1598.41,61
2026-04-11,B003,3270.43,586.64,1284.89,57
2026-04-11,B004,4475.63,1980.47,1681.03,84
2026-04-11,B005,3332.94,804.0,1522.6,53
2026-04-11,B006,2539.46,424.55,1230.93,39
2026-04-11,B007,3411.57,483.68,1596.26,59
2026-04-11,B008,2240.83,340.87,1017.7,33
2026-04-12,B001,5482.09,2049.96,2266.55,98
2026-04-12,B002,3729.4,877.36,1650.47,66
2026-04-12,B003,3372.46,686.67,1504.45,55
2026-04-12,B004,5075.72,2144.34,1993.61,99
2026-04-12,B005,3749.2,877.22,1714.44,62
2026-04-12,B006,2424.78,410.87,962.27,41
2026-04-12,B007,3372.35,457.63,1548.39,57
2026-04-12,B008,2194.07,338.99,847.18,32
2026-04-13,B001,5236.92,2252.58,2068.86,102
2026-04-13,B002,3414.88,902.25,1515.79,60
2026-04-13,B003,3193.15,624.73,1209.6,54
2026-04-13,B004,4592.76,1859.84,1712.4,81
2026-04-13,B005,3466.25,746.64,1276.22,52
2026-04-13,B006,2841.68,478.23,1113.25,41
2026-04-13,B007,3446.58,500.63,1498.14,49
2026-04-13,B008,2296.17,407.42,827.63,33
2026-04-14,B001,4816.76,1953.07,2080.86,90
2026-04-14,B002,3552.44,819.64,1420.35,56
2026-04-14,B003,3358.01,650.15,1483.4,52
2026-04-14,B004,5040.09,2192.38,2048.27,100
2026-04-14,B005,3894.17,825.76,1836.15,66
2026-04-14,B006,2630.44,463.6,1094.28,41
2026-04-14,B007,3347.07,423.77,1594.78,54
2026-04-14,B008,2137.91,342.37,1046.45,37
2026-04-15,B001,5075.26,2188.82,2118.24,107
2026-04-15,B002,3572.25,822.2,1405.1,54
2026-04-15,B003,3469.41,678.92,1650.31,52
2026-04-15,B004,4134.15,1948.44,1817.08,90
2026-04-15,B005,3628.25,835.07,1748.72,64
2026-04-15,B006,2519.37,416.99,1155.01,38
2026-04-15,B007,3469.58,472.23,1696.6,50
2026-04-15,B008,2084.84,339.63,812.7,32
2026-04-16,B001,4665.68,1894.59,2246.55,84
2026-04-16,B002,3578.81,937.86,1744.64,60
2026-04-16,B003,3065.68,620.15,1196.99,55
2026-04-16,B004,4408.66,2034.01,1700.39,91
2026-04-16,B005,3678.91,826.34,1339.47,58
2026-04-16,B006,2624.63,485.7,1204.55,39
2026-04-16,B007,3264.63,460.45,1529.05,54
2026-04-16,B008,2228.18,331.73,852.86,32
2026-04-17,B001,4481.73,1586.14,1705.21,90
2026-04-17,B002,3207.99,834.29,1224.18,52
2026-04-17,B003,3002.12,575.2,1432.37,47
2026-04-17,B004,4426.9,1934.59,1783.63,87
2026-04-17,B005,3198.46,724.22,1241.09,54
2026-04-17,B006,2456.29,428.99,985.08,38
2026-04-17,B007,3031.17,435.91,1420.5,50
2026-04-17,B008,2103.95,340.27,782.32,32
2026-04-18,B001,5685.56,2031.83,2086.56,99
2026-04-18,B002,4137.97,1046.95,1701.94,68
2026-04-18,B003,3553.86,620.04,1362.45,52
2026-04-18,B004,5195.15,2096.73,1904.53,91
2026-04-18,B005,3407.73,753.74,1263.8,56
2026-04-18,B006,2581.54,459.77,1207.27,46
2026-04-18,B007,3290.9,476.53,1244.49,48
2026-04-18,B008,2181.58,332.08,910.82,35
2026-04-19,B001,5312.41,1878.1,2437.43,98
2026-04-19,B002,4114.71,995.5,1499.0,77
2026-04-19,B003,3321.5,576.15,1545.32,59
2026-04-19,B004,4386.56,1992.62,2039.91,85
2026-04-19,B005,3310.06,791.87,1233.9,52
2026-04-19,B006,2521.96,469.33,1153.3,40
2026-04-19,B007,3297.46,490.01,1321.19,49
2026-04-19,B008,2278.15,356.44,906.66,38
2026-04-20,B001,5198.24,1866.77,2322.88,95
2026-04-20,B002,3696.77,974.26,1403.2,59
2026-04-20,B003,3290.9,572.96,1347.06,58
2026-04-20,B004,4716.32,1809.29,2065.26,99
2026-04-20,B005,3420.61,728.33,1383.27,58
2026-04-20,B006,2631.55,456.13,1139.96,44
2026-04-20,B007,2983.04,389.81,1162.25,47
2026-04-20,B008,2184.24,377.03,1009.27,36
2026-04-21,B001,4516.32,1841.11,1992.84,95
2026-04-21,B002,3600.29,965.09,1557.39,60
2026-04-21,B003,2850.7,555.91,1262.04,42
2026-04-21,B004,5128.38,2042.86,1889.23,102
2026-04-21,B005,3325.36,714.59,1558.05,59
2026-04-21,B006,2659.97,426.27,1173.91,44
2026-04-21,B007,3442.86,442.14,1663.93,53
2026-04-21,B008,2276.82,362.27,1045.75,35
2026-04-22,B001,4664.72,1721.79,1773.21,95
2026-04-22,B002,3837.6,920.41,1466.78,63
2026-04-22,B003,3321.82,621.63,1264.34,56
2026-04-22,B004,4483.46,2018.22,1828.68,84
2026-04-22,B005,3399.76,718.75,1567.9,61
2026-04-22,B006,2791.4,473.39,1361.33,45
2026-04-22,B007,3080.3,439.26,1412.31,44
2026-04-22,B008,2233.67,345.42,1000.35,36
2026-04-23,B001,5498.55,2041.6,2665.14,94
2026-04-23,B002,3561.51,868.63,1472.52,63
2026-04-23,B003,3309.79,668.59,1408.9,49
2026-04-23,B004,4990.09,2253.24,2035.4,97
2026-04-23,B005,3425.63,823.95,1380.88,52
2026-04-23,B006,2926.12,474.28,1315.21,51
2026-04-23,B007,3473.5,435.92,1635.62,56
2026-04-23,B008,2199.25,375.79,893.24,32
2026-04-24,B001,4263.57,1590.69,1927.79,81
2026-04-24,B002,3083.21,710.43,1147.86,50
2026-04-24,B003,2882.26,579.32,1241.59,46
2026-04-24,B004,3797.79,1662.56,1678.67,79
2026-04-24,B005,3109.41,659.13,1210.63,47
2026-04-24,B006,2364.22,453.51,1133.31,37
2026-04-24,B007,2792.04,398.72,1123.99,44
2026-04-24,B008,1994.02,319.02,861.08,29
2026-04-25,B001,5815.04,2022.77,2233.14,99
2026-04-25,B002,3553.86,819.67,1639.12,65
2026-04-25,B003,3310.11,682.12,1296.8,55
2026-04-25,B004,4712.0,2114.38,1857.97,97
2026-04-25,B005,3411.18,781.9,1412.28,63
2026-04-25,B006,2562.91,441.07,1186.55,44
2026-04-25,B007,3033.35,399.5,1119.97,51
2026-04-25,B008,2491.18,389.55,1071.46,41
2026-04-26,B001,4933.19,1908.82,2313.41,91
2026-04-26,B002,3691.48,862.86,1675.87,56
2026-04-26,B003,3206.6,561.8,1342.5,53
2026-04-26,B004,4670.0,1819.96,2248.1,84
2026-04-26,B005,3427.05,755.17,1415.17,54
2026-04-26,B006,2650.23,492.36,1070.36,43
2026-04-26,B007,3123.0,420.87,1445.31,53
2026-04-26,B008,2105.35,319.29,971.49,37
2026-04-27,B001,4654.66,1688.94,2274.89,85
2026-04-27,B002,3573.76,963.23,1327.61,57
2026-04-27,B003,2945.72,556.35,1183.15,45
2026-04-27,B004,4341.69,1725.72,1686.39,76
2026-04-27,B005,3801.09,835.86,1459.02,62
2026-04-27,B006,2788.94,485.18,1207.55,41
2026-04-27,B007,3226.59,479.12,1510.3,52
2026-04-27,B008,2094.65,328.62,905.08,31
2026-04-28,B001,5417.13,2240.18,2191.44,110
2026-04-28,B002,3977.37,1041.86,1705.17,69
2026-04-28,B003,3239.46,630.54,1218.48,57
2026-04-28,B004,4436.22,1985.39,1607.45,81
2026-04-28,B005,3915.18,873.03,1442.47,68
2026-04-28,B006,2810.22,516.08,1177.21,47
2026-04-28,B007,3385.27,453.49,1481.8,51
2026-04-28,B008,2213.53,368.71,1029.4,32
2026-04-29,B001,5074.44,2121.27,2250.14,92
2026-04-29,B002,3797.91,999.58,1788.99,71
2026-04-29,B003,2908.27,584.13,1265.99,46
2026-04-29,B004,4789.18,1890.78,2076.08,94
2026-04-29,B005,3839.57,854.29,1777.72,59
2026-04-29,B006,2834.0,463.65,1329.41,42
2026-04-29,B007,2986.48,428.15,1376.51,47
2026-04-29,B008,2491.86,372.43,1098.63,43
2026-04-30,B001,5395.82,1940.88,2391.6,100
2026-04-30,B002,4132.36,1062.58,1581.08,75
2026-04-30,B003,3637.16,657.21,1596.26,60
2026-04-30,B004,4812.26,2260.19,2139.17,88
2026-04-30,B005,3821.99,849.0,1384.61,59
2026-04-30,B006,2444.75,418.87,1009.61,37
2026-04-30,B007,3593.51,526.18,1558.2,56
2026-04-30,B008,2469.07,423.34,1019.26,37
2026-05-01,B001,4553.76,1634.83,2030.61,92
2026-05-01,B002,3327.69,806.24,1470.66,51
2026-05-01,B003,2784.05,561.78,1037.82,42
2026-05-01,B004,4285.54,1950.62,1992.52,88
2026-05-01,B005,3452.3,702.4,1621.3,53
2026-05-01,B006,2120.06,380.31,976.31,31
2026-05-01,B007,2645.92,387.21,1246.5,38
2026-05-01,B008,2110.14,312.03,942.82,33
2026-05-02,B001,5186.79,2204.42,2129.73,90
2026-05-02,B002,4238.8,1035.9,1637.31,78
2026-05-02,B003,3319.67,671.68,1550.39,60
2026-05-02,B004,5261.54,2191.16,1932.45,98
2026-05-02,B005,3863.26,778.45,1761.28,69
2026-05-02,B006,2516.52,454.96,970.04,39
2026-05-02,B007,3272.51,439.06,1239.22,48
2026-05-02,B008,2267.41,336.35,962.26,36
2026-05-03,B001,4895.39,1763.84,2216.93,91
2026-05-03,B002,3576.11,959.89,1599.53,60
2026-05-03,B003,3226.21,567.35,1527.35,49
2026-05-03,B004,4761.66,2243.83,2285.6,86
2026-05-03,B005,3932.7,791.4,1813.39,71
2026-05-03,B006,2703.55,455.94,1314.3,46
2026-05-03,B007,3173.87,400.76,1197.33,44
2026-05-03,B008,2463.98,379.09,1180.39,39
2026-05-04,B001,4845.95,2068.31,2037.01,100
2026-05-04,B002,3971.56,1028.5,1470.34,73
2026-05-04,B003,2979.97,559.19,1392.45,43
2026-05-04,B004,4443.39,1890.29,1915.08,78
2026-05-04,B005,3349.02,727.63,1593.74,55
2026-05-04,B006,2624.74,483.02,1002.47,41
2026-05-04,B007,2863.39,416.52,1140.27,49
2026-05-04,B008,2231.46,348.8,818.67,35
2026-05-05,B001,5083.61,2125.89,2093.36,97
2026-05-05,B002,3957.49,1037.51,1681.76,67
2026-05-05,B003,2851.51,578.05,1263.44,43
2026-05-05,B004,4931.2,2156.62,2305.59,105
2026-05-05,B005,3515.98,844.34,1344.2,58
2026-05-05,B006,2570.8,473.55,1128.18,44
2026-05-05,B007,3102.46,448.34,1469.68,48
2026-05-05,B008,2425.58,371.35,1088.11,39
2026-05-06,B001,4610.85,1686.88,2109.63,77
2026-05-06,B002,3891.72,990.23,1764.87,67
2026-05-06,B003,3462.67,653.73,1561.72,57
2026-05-06,B004,5089.66,2051.97,2100.3,91
2026-05-06,B005,3785.7,809.24,1363.96,62
2026-05-06,B006,2792.28,463.38,1233.61,46
2026-05-06,B007,2922.14,434.52,1309.81,44
2026-05-06,B008,2145.75,381.49,1033.86,33
2026-05-07,B001,5215.18,1873.89,1926.86,93
2026-05-07,B002,3502.09,887.92,1409.81,61
2026-05-07,B003,3379.0,587.94,1475.89,51
2026-05-07,B004,4578.2,1930.82,2010.58,92
2026-05-07,B005,3382.05,693.5,1609.8,61
2026-05-07,B006,2434.63,438.17,1107.4,38
2026-05-07,B007,3288.28,487.53,1439.51,49
2026-05-07,B008,2260.5,342.9,1073.11,36
2026-05-08,B001,4603.73,1795.2,2034.1,84
2026-05-08,B002,3210.35,809.93,1346.82,51
2026-05-08,B003,2879.02,542.28,1170.04,50
2026-05-08,B004,4388.9,1838.96,1802.81,90
2026-05-08,B005,3280.73,654.67,1443.61,56
2026-05-08,B006,2519.09,408.46,1112.47,36
2026-05-08,B007,2781.55,381.52,1140.38,46
2026-05-08,B008,2139.4,348.65,970.02,36
2026-05-09,B001,5606.3,2094.04,2438.66,104
2026-05-09,B002,4053.34,1019.86,1818.34,77
2026-05-09,B003,3355.78,675.12,1368.92,52
2026-05-09,B004,5079.86,2259.4,2401.82,94
2026-05-09,B005,3886.79,825.37,1629.97,71
2026-05-09,B006,2482.78,471.48,950.58,38
2026-05-09,B007,3540.83,462.6,1358.73,54
2026-05-09,B008,2305.4,350.42,1077.64,35
2026-05-10,B001,4753.94,1746.28,2299.55,84
2026-05-10,B002,3895.89,1031.03,1823.05,71
2026-05-10,B003,3129.51,642.25,1359.57,56
2026-05-10,B004,4572.22,1854.09,2052.84,80
2026-05-10,B005,3707.94,849.54,1784.19,66
2026-05-10,B006,2493.97,479.46,953.55,37
2026-05-10,B007,2973.79,419.93,1203.29,45
2026-05-10,B008,2044.57,355.37,985.78,35
2026-05-11,B001,5243.58,1980.39,1905.18,95
2026-05-11,B002,3947.51,1077.24,1707.81,76
2026-05-11,B003,3112.49,613.31,1454.26,54
2026-05-11,B004,4264.68,1881.72,1601.8,80
2026-05-11,B005,3549.87,845.05,1330.19,60
2026-05-11,B006,2347.64,415.97,1060.22,37
2026-05-11,B007,3045.05,380.68,1428.17,49
2026-05-11,B008,2165.25,349.45,871.47,35
2026-05-12,B001,4530.58,1852.82,1846.64,80
2026-05-12,B002,3612.87,966.57,1546.99,66
2026-05-12,B003,3402.27,592.75,1649.33,57
2026-05-12,B004,4831.2,2165.08,2143.27,103
2026-05-12,B005,3815.72,762.85,1549.19,62
2026-05-12,B006,2842.85,466.36,1242.11,45
2026-05-12,B007,2866.11,407.44,1080.84,44
2026-05-12,B008,2055.1,356.2,880.57,30
2026-05-13,B001,4934.86,1778.26,1864.34,94
2026-05-13,B002,3917.84,965.43,1440.15,69
2026-05-13,B003,3109.44,625.54,1301.21,51
2026-05-13,B004,4492.78,1782.44,1905.17,88
2026-05-13,B005,3693.3,837.67,1589.51,63
2026-05-13,B006,2795.95,521.18,1121.88,43
2026-05-13,B007,3250.99,417.53,1224.83,45
2026-05-13,B008,2427.51,418.33,1009.01,40
2026-05-14,B001,4698.71,1972.99,2230.59,100
2026-05-14,B002,3766.41,891.22,1672.87,67
2026-05-14,B003,2981.6,609.22,1415.67,45
2026-05-14,B004,4914.29,2288.11,1813.38,109
2026-05-14,B005,3375.26,698.57,1492.84,54
2026-05-14,B006,2480.7,421.65,1167.53,39
2026-05-14,B007,3197.89,442.94,1564.93,49
2026-05-14,B008,2457.29,437.0,955.57,40
2026-05-15,B001,5008.53,1922.35,2421.27,91
2026-05-15,B002,3262.48,793.93,1393.05,52
2026-05-15,B003,3031.15,545.66,1468.99,48
2026-05-15,B004,4838.13,1921.85,2083.48,86
2026-05-15,B005,3304.34,664.42,1275.55,58
2026-05-15,B006,2288.55,389.11,851.43,37
2026-05-15,B007,2810.32,354.9,1101.13,45
2026-05-15,B008,2301.99,372.18,835.97,39
2026-05-16,B001,5696.85,2224.65,2115.36,108
2026-05-16,B002,4596.07,1144.44,1846.29,74
2026-05-16,B003,3738.89,709.98,1530.17,56
2026-05-16,B004,5801.19,2388.2,2554.96,110
2026-05-16,B005,4243.17,923.0,2023.8,69
2026-05-16,B006,2913.78,518.98,1117.77,47
2026-05-16,B007,3374.2,457.51,1242.49,50
2026-05-16,B008,2735.97,464.42,1314.23,42
2026-05-17,B001,5854.66,2514.64,2812.53,118
2026-05-17,B002,4137.49,1048.24,1820.19,67
2026-05-17,B003,3793.13,754.77,1759.72,59
2026-05-17,B004,5097.42,2255.38,1991.64,98
2026-05-17,B005,3654.5,826.33,1649.35,64
2026-05-17,B006,3117.26,519.63,1347.51,51
2026-05-17,B007,3448.99,469.38,1530.66,50
2026-05-17,B008,2341.41,403.19,931.13,34
2026-05-18,B001,5668.94,2089.23,2227.93,98
2026-05-18,B002,4136.31,1081.04,1586.11,71
2026-05-18,B003,3758.24,707.52,1444.23,65
2026-05-18,B004,4763.03,1840.01,1867.31,82
2026-05-18,B005,3955.59,867.91,1481.87,65
2026-05-18,B006,2757.9,493.99,1193.01,40
2026-05-18,B007,3348.65,427.73,1559.14,48
2026-05-18,B008,2652.87,423.62,1227.68,39
2026-05-19,B001,5669.44,2047.89,2692.07,110
2026-05-19,B002,4093.79,1115.07,1944.66,70
2026-05-19,B003,3560.84,658.88,1379.39,54
2026-05-19,B004,5306.77,2208.47,2265.27,109
2026-05-19,B005,3907.47,785.36,1832.3,60
2026-05-19,B006,3040.24,506.67,1204.41,50
2026-05-19,B007,3784.54,529.76,1763.25,54
2026-05-19,B008,2328.35,348.8,1091.0,39
2026-05-20,B001,5107.23,2088.2,2435.18,90
2026-05-20,B002,3779.38,959.48,1743.43,61
2026-05-20,B003,3436.91,596.15,1372.57,55
2026-05-20,B004,5121.25,2314.61,1972.04,98
2026-05-20,B005,3549.84,766.44,1494.88,62
2026-05-20,B006,2591.66,498.13,981.91,46
2026-05-20,B007,3278.68,419.0,1268.66,54
2026-05-20,B008,2598.28,419.86,1092.97,39
2026-05-21,B001,5170.7,2058.44,2362.92,107
2026-05-21,B002,4216.17,977.08,1616.87,76
2026-05-21,B003,3567.59,708.6,1591.23,53
2026-05-21,B004,5357.05,2529.72,2066.39,104
2026-05-21,B005,3695.04,822.51,1537.46,63
2026-05-21,B006,3070.38,537.28,1455.34,46
2026-05-21,B007,3869.72,489.99,1777.62,62
2026-05-21,B008,2462.93,422.73,1105.35,38
2026-05-22,B001,4530.52,1698.75,1636.13,81
2026-05-22,B002,3360.23,804.53,1265.95,52
2026-05-22,B003,3206.09,595.24,1557.51,49
2026-05-22,B004,4879.6,1889.81,2227.41,89
2026-05-22,B005,3235.63,733.53,1415.61,58
2026-05-22,B006,2544.72,408.8,948.24,36
2026-05-22,B007,2853.25,373.27,1184.39,45
2026-05-22,B008,2145.08,336.72,1029.9,36
2026-05-23,B001,5024.9,2151.27,2389.11,91
2026-05-23,B002,4565.35,1241.25,1894.25,81
2026-05-23,B003,3430.68,652.82,1261.94,54
2026-05-23,B004,4708.65,2120.47,2285.2,94
2026-05-23,B005,3722.01,774.11,1401.12,64
2026-05-23,B006,3218.97,551.28,1268.08,47
2026-05-23,B007,3852.24,542.99,1708.33,63
2026-05-23,B008,2494.56,387.3,938.48,38
2026-05-24,B001,5965.12,2271.36,2532.38,102
2026-05-24,B002,3895.64,1051.69,1558.54,74
2026-05-24,B003,3551.78,741.7,1450.39,59
2026-05-24,B004,4786.58,1934.38,2021.58,99
2026-05-24,B005,3730.0,808.29,1396.41,61
2026-05-24,B006,3018.63,534.12,1101.91,53
2026-05-24,B007,3750.44,538.8,1620.19,63
2026-05-24,B008,2647.04,398.39,1008.64,41
2026-05-25,B001,5521.38,2155.25,2570.77,100
2026-05-25,B002,3846.59,873.01,1744.71,58
2026-05-25,B003,3487.04,626.03,1274.58,56
2026-05-25,B004,4787.88,2034.15,1866.29,101
2026-05-25,B005,4223.52,902.11,1811.85,73
2026-05-25,B006,3047.31,505.16,1375.95,54
2026-05-25,B007,3554.68,456.87,1525.38,54
2026-05-25,B008,2453.67,394.2,964.27,43
2026-05-26,B001,5214.33,1811.6,2012.03,92
2026-05-26,B002,3829.92,938.9,1788.33,59
2026-05-26,B003,3312.98,623.54,1362.2,50
2026-05-26,B004,4576.26,1999.65,1959.56,83
2026-05-26,B005,3954.51,790.09,1927.34,65
2026-05-26,B006,2751.16,470.07,1201.19,41
2026-05-26,B007,3723.64,466.68,1625.4,55
2026-05-26,B008,2390.51,354.8,1064.17,36
2026-05-27,B001,5366.15,2297.35,1979.21,99
2026-05-27,B002,4322.44,1109.09,1707.55,82
2026-05-27,B003,3871.09,677.16,1788.37,68
2026-05-27,B004,5132.75,2200.67,2386.82,104
2026-05-27,B005,4095.63,975.5,1684.74,67
2026-05-27,B006,2910.3,527.95,1122.87,46
2026-05-27,B007,3583.29,516.69,1468.04,55
2026-05-27,B008,2445.26,389.35,911.95,41
2026-05-28,B001,5593.96,1963.4,2362.81,108
2026-05-28,B002,3967.11,956.78,1522.54,63
2026-05-28,B003,3722.57,721.95,1622.19,55
2026-05-28,B004,5757.53,2437.21,2083.68,106
2026-05-28,B005,3797.19,822.3,1854.72,60
2026-05-28,B006,2934.21,519.32,1369.03,46
2026-05-28,B007,3408.12,430.32,1251.26,56
2026-05-28,B008,2316.95,398.63,1023.19,40
2026-05-29,B001,5077.74,2171.57,2450.94,92
2026-05-29,B002,3656.72,960.52,1588.13,61
2026-05-29,B003,3228.8,608.99,1223.9,57
2026-05-29,B004,4679.15,2224.3,2129.13,93
2026-05-29,B005,3694.99,879.83,1574.32,58
2026-05-29,B006,2700.21,515.37,1285.95,45
2026-05-29,B007,2819.48,402.6,1180.43,40
2026-05-29,B008,2161.96,380.23,938.81,35
2026-05-30,B001,5704.11,2187.66,2062.03,115
2026-05-30,B002,4076.87,928.48,1719.05,68
2026-05-30,B003,3811.61,773.83,1560.6,68
2026-05-30,B004,5458.64,2126.94,2424.91,113
2026-05-30,B005,4343.26,986.03,1896.95,68
2026-05-30,B006,2871.63,545.72,1089.94,44
2026-05-30,B007,3497.24,515.71,1563.74,50
2026-05-30,B008,2371.0,353.55,962.87,35
2026-05-31,B001,5094.5,2111.43,2357.3,99
2026-05-31,B002,3614.12,976.91,1602.87,67
2026-05-31,B003,3714.17,733.34,1606.62,62
2026-05-31,B004,5014.37,1961.04,2412.07,93
2026-05-31,B005,3997.49,901.79,1533.53,64
2026-05-31,B006,3058.06,560.3,1213.42,48
2026-05-31,B007,3405.44,443.27,1343.2,51
2026-05-31,B008,2462.45,386.94,907.21,43
2026-06-01,B001,5649.43,2007.48,2138.33,94
2026-06-01,B002,4192.59,1117.29,1730.96,71
2026-06-01,B003,3454.14,667.21,1597.94,59
2026-06-01,B004,5024.56,2169.51,2136.62,95
2026-06-01,B005,3639.02,761.49,1536.9,54
2026-06-01,B007,3420.86,472.92,1420.47,51
2026-06-01,B008,2390.3,368.6,1118.32,37
2026-06-02,B001,5641.32,2304.98,2293.24,102
2026-06-02,B002,4202.9,1157.63,1990.1,69
2026-06-02,B003,3237.14,642.58,1541.78,54
2026-06-02,B004,5648.92,2176.17,2220.52,104
2026-06-02,B005,3713.31,868.23,1347.38,67
2026-06-02,B007,3322.37,436.82,1258.53,55
2026-06-02,B008,2408.49,358.32,927.56,39
2026-06-03,B001,4903.57,1935.55,2021.59,102
2026-06-03,B002,3951.96,1070.67,1806.75,64
2026-06-03,B003,3283.59,630.01,1503.53,51
2026-06-03,B004,4881.38,2317.32,2220.21,90
2026-06-03,B005,3978.97,805.69,1473.61,68
2026-06-03,B007,3777.19,542.14,1772.13,57
2026-06-03,B008,2500.23,441.28,1077.52,39
2026-06-04,B001,5585.05,2321.91,2191.39,97
2026-06-04,B002,4297.85,1061.67,2067.01,74
2026-06-04,B003,3919.18,688.97,1584.28,66
2026-06-04,B004,4939.33,2195.09,1849.21,94
2026-06-04,B005,4245.14,852.83,1907.64,69
2026-06-04,B007,3744.82,499.68,1686.36,59
2026-06-04,B008,2336.4,393.34,859.9,34
2026-06-05,B001,4731.04,1952.67,2199.82,96
2026-06-05,B002,3448.48,898.52,1297.83,59
2026-06-05,B003,2996.78,523.16,1267.99,53
2026-06-05,B004,4421.69,1961.24,1764.91,94
2026-06-05,B005,3505.46,721.82,1395.63,59
2026-06-05,B007,3239.56,464.84,1478.12,49
2026-06-05,B008,2191.59,327.25,1013.81,36
2026-06-06,B001,4999.63,2072.13,2001.83,97
2026-06-06,B002,4423.18,1070.62,2105.52,73
2026-06-06,B003,3464.43,637.26,1346.61,52
2026-06-06,B004,5671.8,2177.21,2138.33,98
2026-06-06,B005,4212.63,993.45,1945.5,65
2026-06-06,B007,3513.34,496.64,1289.56,55
2026-06-06,B008,2632.87,407.14,966.21,39
2026-06-07,B001,5725.99,2062.14,2200.36,113
2026-06-07,B002,4336.07,1149.45,1802.35,68
2026-06-07,B003,3434.04,641.83,1577.24,54
2026-06-07,B004,4997.38,1952.84,1913.97,90
2026-06-07,B005,3708.45,890.35,1577.71,57
2026-06-07,B007,3466.16,463.08,1274.84,50
2026-06-07,B008,2221.35,359.91,948.77,36
2026-06-08,B001,5468.36,2366.25,2059.5,98
2026-06-08,B002,4016.97,1094.57,1678.02,65
2026-06-08,B003,3652.1,688.51,1786.78,60
2026-06-08,B004,4843.45,1919.99,2254.91,101
2026-06-08,B005,4256.22,854.15,1824.81,73
2026-06-08,B007,3448.48,447.13,1396.44,52
2026-06-08,B008,2610.49,389.65,1127.82,37
2026-06-09,B001,5599.56,2114.49,2208.55,104
2026-06-09,B002,3698.37,935.25,1692.57,63
2026-06-09,B003,3314.8,661.98,1602.71,60
2026-06-09,B004,5164.77,2177.84,2064.44,102
2026-06-09,B005,3784.3,773.97,1459.17,57
2026-06-09,B007,3773.6,482.47,1708.23,58
2026-06-09,B008,2494.64,424.08,1214.96,38
2026-06-10,B001,5424.3,2260.35,2012.59,105
2026-06-10,B002,4260.03,1010.8,1696.14,69
2026-06-10,B003,3473.69,603.34,1642.32,54
2026-06-10,B004,4950.67,1965.09,1829.08,94
2026-06-10,B005,4039.93,811.97,1899.1,64
2026-06-10,B007,3295.05,412.26,1327.13,49
2026-06-10,B008,2485.75,426.87,969.05,38
2026-06-11,B001,5740.76,2060.12,2532.46,112
2026-06-11,B002,4565.97,1032.17,2152.94,70
2026-06-11,B003,3735.68,713.55,1692.15,62
2026-06-11,B004,5202.52,2122.47,2484.99,92
2026-06-11,B005,3778.99,790.07,1810.83,56
2026-06-11,B007,3493.64,504.83,1353.21,54
2026-06-11,B008,2319.78,384.88,900.7,35
2026-06-12,B001,4939.45,1720.16,2218.86,85
2026-06-12,B002,3674.74,871.57,1607.51,67
2026-06-12,B003,3001.09,589.26,1421.43,46
2026-06-12,B004,4600.33,2002.31,1910.64,88
2026-06-12,B005,3112.66,735.53,1400.0,57
2026-06-12,B007,2901.28,401.31,1094.57,45
2026-06-12,B008,2151.54,326.85,879.96,37
2026-06-13,B001,5069.34,2073.14,2219.19,92
2026-06-13,B002,3984.57,950.31,1903.0,62
2026-06-13,B003,3662.18,653.2,1430.49,57
2026-06-13,B004,4581.51,2184.24,2236.2,88
2026-06-13,B005,3871.69,903.03,1868.79,64
2026-06-13,B007,3574.64,488.75,1309.81,54
2026-06-13,B008,2396.76,362.94,1117.15,42
2026-06-14,B001,4968.0,2103.14,1798.99,92
2026-06-14,B002,3997.79,923.58,1912.16,66
2026-06-14,B003,3529.95,679.83,1638.83,57
2026-06-14,B004,4991.06,1907.79,1851.03,98
2026-06-14,B005,4102.61,863.73,1966.15,71
2026-06-14,B007,3704.49,518.97,1642.39,63
2026-06-14,B008,2222.05,360.56,921.59,33
2026-06-15,B001,5708.91,2290.57,2199.92,113
2026-06-15,B002,4002.74,1068.04,1852.12,76
2026-06-15,B003,3655.23,633.1,1712.8,59
2026-06-15,B004,4664.42,1940.19,2173.74,81
2026-06-15,B005,3916.84,849.34,1448.01,72
2026-06-15,B007,3341.28,495.17,1493.21,53
2026-06-15,B008,2193.68,366.94,1050.99,36
2026-06-16,B001,5052.77,1790.51,2371.24,84
2026-06-16,B002,3761.67,999.02,1619.08,70
2026-06-16,B003,3690.25,715.19,1699.05,60
2026-06-16,B004,5119.25,1958.6,2357.37,91
2026-06-16,B005,3901.68,822.32,1476.04,63
2026-06-16,B007,3525.83,451.23,1547.49,51
2026-06-16,B008,2453.11,403.66,1048.96,38
2026-06-17,B001,4947.43,1936.48,2219.8,90
2026-06-17,B002,3706.39,841.22,1721.14,62
2026-06-17,B003,3635.71,701.68,1732.72,65
2026-06-17,B004,5149.06,2023.06,2485.07,105
2026-06-17,B005,4055.33,865.74,1907.65,65
2026-06-17,B007,3664.06,471.38,1326.06,51
2026-06-17,B008,2168.96,382.57,1033.84,35
2026-06-18,B001,5310.36,1874.18,2229.97,101
2026-06-18,B002,4518.3,1120.68,1894.97,73
2026-06-18,B003,3305.7,605.44,1448.81,50
2026-06-18,B004,4650.32,2072.74,2178.78,90
2026-06-18,B005,4055.55,906.31,1955.57,68
2026-06-18,B007,3259.73,480.66,1315.15,50
2026-06-18,B008,2660.58,464.18,1273.74,44
2026-06-19,B001,5002.56,1845.9,1886.69,86
2026-06-19,B002,3351.47,835.54,1570.33,59
2026-06-19,B003,2741.12,556.78,1037.24,41
2026-06-19,B004,4116.89,1900.76,1862.23,91
2026-06-19,B005,3083.17,663.54,1480.83,47
2026-06-19,B007,3270.75,442.72,1267.3,54
2026-06-19,B008,2143.54,328.19,817.08,33
2026-06-20,B001,5298.86,2163.34,2450.09,113
2026-06-20,B002,4067.78,1109.16,1896.35,75
2026-06-20,B003,3717.4,673.33,1404.11,60
2026-06-20,B004,4847.4,2289.84,2327.46,91
2026-06-20,B005,4020.96,807.84,1631.25,64
2026-06-20,B007,3891.22,491.56,1691.38,54
2026-06-20,B008,2671.33,466.41,999.6,40
2026-06-21,B001,4998.16,1810.67,1851.88,85
2026-06-21,B002,3698.77,984.06,1713.32,70
2026-06-21,B003,3236.84,562.45,1195.09,52
2026-06-21,B004,4882.15,1867.73,2364.95,96
2026-06-21,B005,4251.08,858.97,1809.02,65
2026-06-21,B007,3296.99,432.75,1534.4,55
2026-06-21,B008,2404.07,398.16,1044.57,35
2026-06-22,B001,5365.77,1919.64,2111.01,90
2026-06-22,B002,3853.54,1008.64,1867.87,62
2026-06-22,B003,3151.08,597.25,1464.06,47
2026-06-22,B004,4369.63,2049.51,1985.1,96
2026-06-22,B005,3485.11,743.02,1509.03,56
2026-06-22,B007,3183.22,431.57,1268.77,44
2026-06-22,B008,2537.6,408.33,1086.4,37
2026-06-23,B001,4941.77,2084.14,1876.29,94
2026-06-23,B002,3767.88,950.59,1375.5,65
2026-06-23,B003,3369.99,702.69,1649.74,51
2026-06-23,B004,5318.57,2281.15,2293.0,93
2026-06-23,B005,3549.3,844.1,1645.86,58
2026-06-23,B007,3355.22,427.64,1228.57,53
2026-06-23,B008,2407.36,375.71,882.34,39
2026-06-24,B001,5506.37,2071.79,2243.02,105
2026-06-24,B002,3651.61,972.96,1596.59,62
2026-06-24,B003,3607.65,636.36,1530.15,55
2026-06-24,B004,5060.09,2251.88,2216.38,91
2026-06-24,B005,3537.92,716.86,1631.9,52
2026-06-24,B007,3758.0,468.11,1513.38,60
2026-06-24,B008,2535.05,378.83,1144.2,42
2026-06-25,B001,4941.11,2015.51,2017.08,100
2026-06-25,B002,4423.42,1150.14,1640.25,81
2026-06-25,B003,3259.24,578.15,1358.8,54
2026-06-25,B004,5357.7,2330.9,2536.07,115
2026-06-25,B005,3846.53,896.41,1844.28,71
2026-06-25,B007,3304.43,468.67,1268.25,47
2026-06-25,B008,2577.23,434.17,1014.79,40
2026-06-26,B001,4929.13,1723.16,1955.52,82
2026-06-26,B002,3623.19,943.09,1702.13,62
2026-06-26,B003,3208.44,635.53,1401.08,53
2026-06-26,B004,3963.12,1595.79,1813.64,83
2026-06-26,B005,3218.25,770.52,1418.81,49
2026-06-26,B007,2675.02,377.43,1164.35,46
2026-06-26,B008,2286.58,398.69,950.51,36
2026-06-27,B001,5651.26,2326.94,2081.77,107
2026-06-27,B002,4350.74,1188.59,2126.48,78
2026-06-27,B003,3731.8,773.97,1517.7,58
2026-06-27,B004,4854.4,2020.96,2105.45,101
2026-06-27,B005,3663.21,736.03,1777.71,59
2026-06-27,B007,3623.49,484.95,1506.29,51
2026-06-27,B008,2282.96,374.88,1034.7,36
2026-06-28,B001,4764.25,1934.23,1864.79,91
2026-06-28,B002,4040.64,1054.31,1957.02,67
2026-06-28,B003,3221.03,623.03,1562.89,53
2026-06-28,B004,4761.77,1816.47,2018.04,91
2026-06-28,B005,3551.98,753.71,1379.36,57
2026-06-28,B007,3106.52,401.61,1271.6,50
2026-06-28,B008,2278.87,344.05,979.55,38
2026-06-29,B001,4930.28,1786.42,2381.89,87
2026-06-29,B002,4189.47,1007.4,1974.42,77
2026-06-29,B003,3095.38,538.63,1474.49,50
2026-06-29,B004,5089.53,2110.22,1835.95,92
2026-06-29,B005,4098.34,901.47,1604.86,73
2026-06-29,B007,3101.7,414.72,1205.3,52
2026-06-29,B008,2289.83,385.19,1109.42,33
2026-06-30,B001,5166.79,2124.65,2529.06,97
2026-06-30,B002,3832.16,1027.48,1808.37,72
2026-06-30,B003,3435.33,644.84,1311.52,61
2026-06-30,B004,5397.98,2178.48,2414.17,95
2026-06-30,B005,4125.15,842.96,1683.5,67
2026-06-30,B007,3345.6,453.18,1215.14,50
2026-06-30,B008,2401.97,361.57,972.2,40
2026-07-01,B001,5499.1,2162.73,2109.02,105
2026-07-01,B002,3564.85,944.47,1619.59,66
2026-07-01,B003,3605.08,724.38,1542.59,54
2026-07-01,B004,5009.3,2239.49,2171.64,99
2026-07-01,B005,3819.56,791.71,1559.47,62
2026-07-01,B007,3438.66,453.03,1573.02,51
2026-07-01,B008,2524.98,380.34,1091.5,44
2026-07-02,B001,4848.8,2098.5,1959.67,100
2026-07-02,B002,4307.96,1099.46,1671.8,72
2026-07-02,B003,3799.83,724.95,1655.38,56
2026-07-02,B004,5435.54,2212.11,2636.17,108
2026-07-02,B005,3606.97,793.92,1377.34,56
2026-07-02,B007,3180.66,437.77,1399.35,49
2026-07-02,B008,2681.85,414.69,1196.44,45
2026-07-03,B001,4476.63,1655.98,1895.16,87
2026-07-03,B002,3158.72,829.45,1352.68,59
2026-07-03,B003,3232.92,599.43,1417.04,55
2026-07-03,B004,3946.62,1550.63,1742.63,83
2026-07-03,B005,3173.95,636.59,1529.28,49
2026-07-03,B007,2724.24,386.21,1157.1,39
2026-07-03,B008,2281.79,353.86,1034.38,40
2026-07-04,B001,5921.73,2118.12,2203.83,113
2026-07-04,B002,3912.63,919.6,1755.53,61
2026-07-04,B003,3719.0,672.35,1739.24,60
2026-07-04,B004,4755.99,2231.42,1771.48,94
2026-07-04,B005,3641.75,726.22,1387.68,58
2026-07-04,B007,3741.21,527.47,1707.86,58
2026-07-04,B008,2518.87,437.82,958.9,38
2026-07-05,B001,5426.68,1935.98,2507.51,105
2026-07-05,B002,4042.18,1076.3,1490.33,71
2026-07-05,B003,3361.04,677.3,1298.68,59
2026-07-05,B004,4824.57,2068.19,1966.96,92
2026-07-05,B005,3971.9,930.67,1898.42,67
2026-07-05,B007,3622.43,483.5,1633.92,51
2026-07-05,B008,2403.17,383.5,978.13,39
2026-07-06,B001,4956.38,2042.03,1948.43,91
2026-07-06,B002,3774.49,1035.92,1694.87,64
2026-07-06,B003,3167.49,593.8,1143.81,49
2026-07-06,B004,4728.7,2005.17,1781.92,98
2026-07-06,B005,4101.02,833.92,1633.92,72
2026-07-06,B007,3314.12,422.37,1550.14,52
2026-07-06,B008,2496.69,388.89,947.92,38
2026-07-07,B001,5578.19,2235.53,2700.65,105
2026-07-07,B002,4199.84,1146.27,1849.19,69
2026-07-07,B003,3129.23,566.77,1253.09,47
2026-07-07,B004,4396.02,1927.71,1972.72,90
2026-07-07,B005,3667.71,764.54,1384.26,54
2026-07-07,B007,3605.73,534.52,1385.56,58
2026-07-07,B008,2418.08,373.64,952.47,40
2026-07-08,B001,5476.07,2278.64,2142.87,115
2026-07-08,B002,4160.17,1046.08,1717.06,72
2026-07-08,B003,3253.04,615.73,1478.86,48
2026-07-08,B004,4961.64,2015.69,1999.58,95
2026-07-08,B005,4005.64,930.86,1581.72,63
2026-07-08,B007,3398.05,501.4,1382.54,56
2026-07-08,B008,2348.01,407.88,965.25,34
2026-07-09,B001,5559.03,2163.19,2696.66,115
2026-07-09,B002,3932.72,901.78,1591.27,67
2026-07-09,B003,3741.28,722.51,1796.89,55
2026-07-09,B004,5500.42,2254.35,2042.74,109
2026-07-09,B005,3997.13,847.32,1927.39,64
2026-07-09,B007,3735.6,480.12,1759.27,60
2026-07-09,B008,2739.9,416.17,1117.42,41
2026-07-10,B001,5135.78,1894.75,2105.8,87
2026-07-10,B002,3691.56,1008.17,1641.22,62
2026-07-10,B003,3120.51,644.99,1454.64,53
2026-07-10,B004,4133.42,1695.11,1874.06,87
2026-07-10,B005,3080.59,712.24,1199.52,47
2026-07-10,B007,2649.11,363.49,1190.01,44
2026-07-10,B008,2203.41,387.02,833.93,38
2026-07-11,B001,5285.94,2078.09,1966.42,91
2026-07-11,B002,3780.21,919.25,1837.3,67
2026-07-11,B003,3370.79,692.31,1562.96,58
2026-07-11,B004,5289.08,2345.53,2370.74,114
2026-07-11,B005,4048.0,830.94,1798.34,62
2026-07-11,B007,3461.29,497.62,1639.93,50
2026-07-11,B008,2446.67,394.81,1064.42,39
2026-07-12,B001,5144.31,1864.63,2164.95,103
2026-07-12,B002,4063.09,925.31,1865.83,65
2026-07-12,B003,3484.85,719.19,1283.03,52
2026-07-12,B004,4627.75,2051.6,2062.02,100
2026-07-12,B005,3432.63,806.56,1315.26,62
2026-07-12,B007,3195.79,448.72,1543.24,54
2026-07-12,B008,2251.35,398.78,1013.11,39
2026-07-13,B001,5569.92,2294.81,2388.28,103
2026-07-13,B002,4186.51,1133.54,1615.16,77
2026-07-13,B003,3254.59,579.51,1499.79,56
2026-07-13,B004,4975.15,2181.74,1911.67,92
2026-07-13,B005,3966.03,844.23,1798.55,59
2026-07-13,B007,3572.62,501.33,1385.17,58
2026-07-13,B008,2420.25,413.99,1010.58,37
2026-07-14,B001,4889.64,1910.93,2146.7,103
2026-07-14,B002,3819.62,992.15,1819.18,61
2026-07-14,B003,3160.18,570.86,1313.01,50
2026-07-14,B004,5256.41,2237.1,1954.93,112
2026-07-14,B005,3426.87,706.86,1504.15,53
2026-07-14,B007,3348.81,428.5,1577.16,52
2026-07-14,B008,2385.77,363.74,889.82,36
2026-07-15,B001,5516.17,2381.29,2145.21,97
2026-07-15,B002,4018.32,941.66,1493.42,62
2026-07-15,B003,3546.25,667.1,1602.79,60
2026-07-15,B004,5034.09,2297.91,2125.4,103
2026-07-15,B005,3485.02,722.13,1694.01,61
2026-07-15,B007,3056.08,451.35,1465.55,47
2026-07-15,B008,2500.1,391.33,1224.12,40
2026-07-16,B001,5816.49,2446.06,2521.97,107
2026-07-16,B002,4105.23,1101.33,1573.22,64
2026-07-16,B003,3324.25,672.29,1463.77,49
2026-07-16,B004,4636.93,2058.93,2211.95,96
2026-07-16,B005,4097.55,895.74,1900.59,74
2026-07-16,B007,3485.1,455.6,1564.38,53
2026-07-16,B008,2329.62,378.22,934.14,34
2026-07-17,B001,4906.97,2025.67,2183.19,97
2026-07-17,B002,3542.94,836.64,1452.95,60
2026-07-17,B003,3059.5,601.05,1192.59,46
2026-07-17,B004,4221.33,1753.98,1554.39,77
2026-07-17,B005,2992.42,633.75,1298.5,46
2026-07-17,B007,3014.6,401.27,1253.04,44
2026-07-17,B008,2082.65,365.71,842.41,34
2026-07-18,B001,4752.63,2031.16,1767.37,87
2026-07-18,B002,3804.03,917.21,1640.02,66
2026-07-18,B003,3471.14,599.21,1311.47,58
2026-07-18,B004,5014.37,1985.01,1814.89,92
2026-07-18,B005,3521.43,807.81,1308.83,61
2026-07-18,B007,3469.14,494.85,1442.81,49
2026-07-18,B008,2459.64,411.42,1015.29,38
2026-07-19,B001,5309.99,1936.77,2025.48,98
2026-07-19,B002,3512.34,896.06,1616.25,65
2026-07-19,B003,3463.89,601.35,1678.91,53
2026-07-19,B004,5198.72,2245.77,2192.67,100
2026-07-19,B005,3901.76,930.47,1881.78,63
2026-07-19,B007,3448.82,454.01,1293.26,58
2026-07-19,B008,2294.47,352.04,1110.51,34
2026-07-20,B001,5438.01,2179.69,2086.13,112
2026-07-20,B002,3616.09,827.46,1697.69,57
2026-07-20,B003,3167.39,660.85,1372.1,52
2026-07-20,B004,5172.85,2206.78,2340.33,112
2026-07-20,B005,3765.12,809.72,1506.78,60
2026-07-20,B007,3229.66,446.22,1411.69,46
2026-07-20,B008,2143.01,369.56,878.93,35
2026-07-21,B001,5536.88,1936.43,2610.79,112
2026-07-21,B002,3699.86,962.08,1558.14,70
2026-07-21,B003,3598.47,693.93,1583.83,53
2026-07-21,B004,4829.25,1889.95,2137.18,88
2026-07-21,B005,3884.82,807.08,1502.52,61
2026-07-21,B007,3465.38,445.18,1405.11,57
2026-07-21,B008,2328.98,358.58,929.17,33
2026-07-22,B001,5504.58,2195.33,2637.25,101
2026-07-22,B002,3918.02,947.47,1610.9,60
2026-07-22,B003,3266.42,598.45,1316.22,55
2026-07-22,B004,4986.86,2350.22,2278.46,103
2026-07-22,B005,3335.6,789.68,1466.19,57
2026-07-22,B007,3333.8,475.64,1305.25,49
2026-07-22,B008,2247.15,362.48,875.12,33
2026-07-23,B001,5870.59,2164.91,2514.71,105
2026-07-23,B002,4094.42,952.17,1499.4,71
2026-07-23,B003,3492.22,662.28,1681.76,51
2026-07-23,B004,5095.18,2200.25,2344.65,98
2026-07-23,B005,3697.97,772.37,1381.08,68
2026-07-23,B007,3498.66,445.17,1573.93,58
2026-07-23,B008,2228.27,351.11,1062.66,35
2026-07-24,B001,4233.62,1694.47,1955.79,82
2026-07-24,B002,3379.88,906.55,1271.97,61
2026-07-24,B003,2766.53,520.23,1105.42,41
2026-07-24,B004,3852.56,1693.29,1670.68,70
2026-07-24,B005,3419.77,729.66,1291.74,61
2026-07-24,B007,2847.94,413.87,1345.26,44
2026-07-24,B008,1931.65,319.28,853.1,28
2026-07-25,B001,5847.21,2301.99,2432.04,103
2026-07-25,B002,3995.38,1089.23,1573.95,71
2026-07-25,B003,3263.96,601.36,1339.61,57
2026-07-25,B004,4643.43,2009.22,1895.58,83
2026-07-25,B005,3551.03,830.09,1351.11,57
2026-07-25,B007,3684.17,474.7,1545.43,60
2026-07-25,B008,2543.97,377.51,992.55,40
2026-07-26,B001,5238.31,2039.13,2357.81,92
2026-07-26,B002,4015.71,1071.32,1462.71,65
2026-07-26,B003,3354.01,664.67,1598.64,54
2026-07-26,B004,4449.48,2019.26,2156.68,95
2026-07-26,B005,3362.49,761.67,1423.5,51
2026-07-26,B007,3091.91,459.87,1234.52,45
2026-07-26,B008,2196.38,377.25,1029.03,32
2026-07-27,B001,4711.71,1963.19,2069.55,95
2026-07-27,B002,3540.46,930.11,1610.48,57
2026-07-27,B003,3110.78,551.62,1521.86,48
2026-07-27,B004,4591.19,1808.05,1733.07,88
2026-07-27,B005,3425.14,808.03,1335.34,61
2026-07-27,B007,3287.63,413.41,1479.41,48
2026-07-27,B008,2291.65,403.44,828.18,34
2026-07-28,B001,4785.75,1852.2,2102.36,85
2026-07-28,B002,4193.74,957.09,1661.31,72
2026-07-28,B003,3594.65,642.48,1401.94,56
2026-07-28,B004,4873.76,2243.0,1862.66,107
2026-07-28,B005,3943.5,915.55,1443.59,65
2026-07-28,B007,3543.59,509.71,1648.6,51
2026-07-28,B008,2112.55,340.98,805.3,36
2026-07-29,B001,5518.89,2048.61,2618.94,113
2026-07-29,B002,3915.91,1061.87,1541.55,62
2026-07-29,B003,3489.61,614.85,1672.41,54
2026-07-29,B004,4962.91,2041.05,1954.68,103
2026-07-29,B005,3699.92,870.33,1777.21,68
2026-07-29,B007,3295.94,452.46,1580.95,55
2026-07-29,B008,2403.95,379.7,1138.0,42
2026-07-30,B001,4945.01,1965.54,2296.2,92
2026-07-30,B002,3830.67,1007.65,1519.35,69
2026-07-30,B003,3508.9,726.07,1484.65,56
2026-07-30,B004,4769.17,2172.17,1764.21,101
2026-07-30,B005,3556.56,712.8,1525.83,52
2026-07-30,B007,3495.66,518.95,1509.65,51
2026-07-30,B008,2182.67,383.14,1062.7,38
2026-07-31,B001,4728.92,1990.78,2000.4,87
2026-07-31,B002,3624.36,923.97,1470.87,60
2026-07-31,B003,2739.42,507.44,1199.22,42
2026-07-31,B004,4597.52,1799.04,1716.09,93
2026-07-31,B005,3483.45,802.05,1367.15,57
2026-07-31,B007,2578.15,374.57,978.29,44
2026-07-31,B008,2113.07,355.89,832.31,31
2026-08-01,B001,5059.99,2173.98,2419.39,93
2026-08-01,B002,4034.04,947.83,1964.18,70
2026-08-01,B003,3716.57,643.93,1580.61,59
2026-08-01,B004,4879.0,2129.5,1966.13,100
2026-08-01,B005,3510.55,825.46,1543.94,60
2026-08-01,B007,3282.44,456.75,1555.04,54
2026-08-01,B008,2410.99,401.56,1151.23,39
2026-08-02,B001,5357.16,1951.11,2588.54,97
2026-08-02,B002,3641.22,853.67,1746.93,61
2026-08-02,B003,3046.87,564.8,1157.72,50
2026-08-02,B004,5120.29,2119.59,1899.03,92
2026-08-02,B005,3763.15,837.81,1808.45,67
2026-08-02,B007,2952.23,433.91,1429.34,43
2026-08-02,B008,2173.38,341.87,996.43,33
2026-08-03,B001,5039.21,1931.89,2117.6,90
2026-08-03,B002,3677.12,980.13,1669.24,61
2026-08-03,B003,2965.85,551.74,1196.96,50
2026-08-03,B004,4666.81,2067.62,2014.47,100
2026-08-03,B005,3350.91,757.89,1537.52,62
2026-08-03,B007,3253.57,472.2,1469.21,54
2026-08-03,B008,2110.14,366.12,785.54,31
2026-08-04,B001,5446.28,2058.28,2170.28,98
2026-08-04,B002,3945.89,994.04,1866.66,66
2026-08-04,B003,3590.6,657.76,1296.55,54
2026-08-04,B004,4381.25,1804.18,1894.08,92
2026-08-04,B005,3556.5,725.59,1667.24,65
2026-08-04,B007,3015.17,443.46,1444.34,47
2026-08-04,B008,2291.84,396.33,980.22,34
2026-08-05,B001,5532.19,2217.86,2194.23,97
2026-08-05,B002,4057.75,938.25,1690.44,73
2026-08-05,B003,3028.56,589.05,1371.73,50
2026-08-05,B004,4485.88,1741.09,1721.65,88
2026-08-05,B005,3478.95,780.39,1492.98,54
2026-08-05,B007,3369.25,496.36,1614.6,51
2026-08-05,B008,2515.08,378.53,1187.5,40
2026-08-06,B001,5688.41,2166.34,2498.48,96
2026-08-06,B002,4152.5,955.69,1581.75,66
2026-08-06,B003,3452.68,602.9,1635.79,56
2026-08-06,B004,4351.55,1946.22,1661.65,95
2026-08-06,B005,4087.77,941.12,1758.16,73
2026-08-06,B007,3668.7,455.63,1622.06,58
2026-08-06,B008,2284.48,373.93,892.19,34
2026-08-07,B001,4863.75,1913.87,1853.28,93
2026-08-07,B002,3074.29,811.84,1413.41,58
2026-08-07,B003,2877.12,540.96,1343.45,44
2026-08-07,B004,4369.42,2029.6,1673.71,85
2026-08-07,B005,3451.26,757.83,1643.09,55
2026-08-07,B007,2667.81,384.74,1101.74,39
2026-08-07,B008,2071.12,361.44,1005.02,30
2026-08-08,B001,5472.96,2257.26,2096.22,105
2026-08-08,B002,3896.75,1066.53,1457.87,61
2026-08-08,B003,3446.9,693.28,1331.01,59
2026-08-08,B004,5109.71,1994.6,2198.57,96
2026-08-08,B005,3712.5,765.68,1692.28,58
2026-08-08,B007,3340.78,472.89,1534.6,47
2026-08-08,B008,2624.27,425.8,1076.3,40
2026-08-09,B001,4973.24,1990.0,2029.73,92
2026-08-09,B002,4070.21,1025.34,1518.43,67
2026-08-09,B003,3397.47,662.13,1429.39,56
2026-08-09,B004,4603.95,1955.42,1958.58,97
2026-08-09,B005,3534.16,829.93,1567.84,58
2026-08-09,B007,3366.8,432.43,1507.73,46
2026-08-09,B008,2155.49,343.78,879.27,31
2026-08-10,B001,5021.51,1903.03,1919.25,87
2026-08-10,B002,3490.42,842.05,1349.18,57
2026-08-10,B003,3521.13,628.02,1416.9,55
2026-08-10,B004,4789.47,2113.35,1729.83,94
2026-08-10,B005,3327.4,782.61,1207.59,58
2026-08-10,B007,3414.44,458.17,1491.2,47
2026-08-10,B008,2273.14,378.25,961.48,35
2026-08-11,B001,5107.66,2028.62,2042.6,93
2026-08-11,B002,3640.15,931.58,1580.65,63
2026-08-11,B003,3205.75,646.16,1488.3,48
2026-08-11,B004,4317.63,1834.4,1716.55,84
2026-08-11,B005,3530.18,759.65,1537.74,54
2026-08-11,B007,3137.67,449.5,1347.26,51
2026-08-11,B008,2463.05,376.31,1091.63,36
2026-08-12,B001,5520.57,2065.08,2110.06,96
2026-08-12,B002,3563.51,827.56,1495.35,61
2026-08-12,B003,3336.87,583.17,1565.6,57
2026-08-12,B004,4776.32,1933.2,2042.41,86
2026-08-12,B005,3892.2,866.61,1497.31,62
2026-08-12,B007,3208.1,450.78,1380.48,52
2026-08-12,B008,2273.06,393.19,1038.01,39
2026-08-13,B001,4963.69,2144.5,1939.58,104
2026-08-13,B002,4070.29,1103.5,1490.3,75
2026-08-13,B003,3473.46,694.61,1432.56,55
2026-08-13,B004,5170.72,2265.2,2295.06,112
2026-08-13,B005,3689.7,777.42,1595.92,57
2026-08-13,B007,3313.24,455.21,1556.58,46
2026-08-13,B008,2428.47,395.53,1025.74,36
2026-08-14,B001,4130.0,1473.04,1740.27,77
2026-08-14,B002,3047.39,703.78,1394.23,51
2026-08-14,B003,2642.96,477.83,1267.2,44
2026-08-14,B004,4595.65,1807.77,2010.09,96
2026-08-14,B005,3240.71,775.51,1402.0,50
2026-08-14,B007,2779.47,365.36,1014.56,46
2026-08-14,B008,1850.05,324.4,813.03,30
2026-08-15,B001,5307.18,1980.21,2204.13,106
2026-08-15,B002,3641.83,930.39,1468.14,66
2026-08-15,B003,3461.65,651.79,1259.42,56
2026-08-15,B004,4857.16,2029.13,2090.3,89
2026-08-15,B005,3824.27,856.04,1538.94,69
2026-08-15,B007,3191.56,413.6,1151.5,45
2026-08-15,B008,2276.28,386.42,884.02,39
2025-01-15,B003,3656.54,658.83,1541.29,54
2025-02-05,B006,2656.16,485.2,1144.22,0
